temperature,current,vibration,voltage,rpm,label
41.98685661204493,1.1654339247072039,2.3238442690503462,12.304605971281605,1438.2923312638331,NORMAL
39.06345217220328,1.5948032038768478,2.3837173645764542,11.90610512281301,1477.1280021792982,NORMAL
38.14632922875015,1.0835675616074358,2.1209811357830173,11.61734395106844,1363.7541083743483,NORMAL
37.75084988303611,0.9467922199163941,2.157123666297637,11.818395184895758,1379.3848149332355,NORMAL
45.862595075686215,1.143555924878366,2.033764102343962,11.715050362757308,1422.780863773741,NORMAL
40.44369035883946,0.9122516056444243,2.1878490091728358,11.879872262016239,1435.4153125103362,NORMAL
37.593173551082415,1.6630695461272345,1.993251387631033,11.78845781420882,1491.1272456051595,NORMAL
35.11662540011591,1.2522158987511889,1.020164938060112,11.734362790220313,1459.8430617934562,NORMAL
42.95386631998164,1.2428420702974925,1.9421758588058797,11.939779260882142,1376.0739004816287,NORMAL
37.12062316642117,1.084840307260053,2.5285611131094576,12.068723657913692,1361.8479922318634,NORMAL
41.29633587757918,1.1037294298959208,1.6615389998470207,12.122335257768174,1501.5499761247975,NORMAL
43.725120476464795,0.9901956191943403,1.8453938120743927,12.066252686280713,1498.777256356118,NORMAL
38.08330304861884,1.1535852558340456,1.446832512996986,11.760758675183865,1490.62629111971,NORMAL
45.424960114283294,1.1819974696049165,2.501766448946012,12.072327205009527,1417.7440122697437,NORMAL
41.44558242203365,1.5845091416164923,1.9820869804450243,12.3129287311628,1319.0127447955128,NORMAL
43.287610017500896,1.2217617670595429,1.8504963247670663,12.0183521553071,1350.6215542699554,NORMAL
39.12131244864995,1.2892781428779365,2.738947022370758,11.89634595634527,1409.5753198553407,NORMAL
37.992971825661854,1.4288505294255185,2.1643755548298422,11.894047959246592,1475.6633716556678,NORMAL
40.38831019739216,1.4421612476332222,1.6489734530613238,11.934467570680447,1430.394592343392,NORMAL
34.145940207471526,1.274030069266144,2.1305276360899446,12.001022691328492,1438.2706433312426,NORMAL
34.33851703179835,1.0948386693086603,1.8286427417366153,11.839544546155675,1441.9357144166995,NORMAL
41.61620342725816,1.6715464753026326,2.0872889064159197,12.051510078144553,1446.2777042116916,NORMAL
32.32491513880383,1.1933715311376958,2.030115104970513,12.492648422497057,1440.3819517609438,NORMAL
41.20618936933445,1.1913220575736891,1.4156609811902339,12.228564562903005,1487.5966516343387,NORMAL
43.16412778817219,0.9726531363013152,2.7013971554680496,11.719629787441544,1479.3428546900136,NORMAL
48.76182250323991,0.9523659187173279,1.716851135198614,12.019930273017529,1424.82621729419,NORMAL
33.79734627573547,1.2171407437015067,1.4688481431369476,12.094718486127036,1404.02878828831,NORMAL
46.19973762007016,1.0041866769159407,1.8389692418971622,12.162703443473934,1388.4567841783023,NORMAL
40.909839738416515,1.526785688570607,1.1962583827193862,12.036926771706462,1462.9941397124212,NORMAL
43.12729148710924,0.8907623222804795,1.3397716934578618,12.10438831312338,1464.8492336616594,NORMAL
41.00197140138351,1.286612052374244,1.6599876392107547,12.046450739432201,1464.653623664934,NORMAL
37.14259432789453,1.6664436277861892,2.2369164604558938,11.761739300559471,1482.8276804316915,NORMAL
36.101273319090716,1.3967711509356129,2.579297789503702,11.835863536329658,1498.168806462216,NORMAL
41.651123707745995,1.4055150399986225,2.9483964913269736,11.950922376799426,1412.3131917821256,NORMAL
36.44194228149791,0.9960474287586404,1.961449145292948,12.06823039496333,1463.8345399665009,NORMAL
43.308732996144094,1.2032504729694766,2.726767038578658,11.947068633352409,1586.0084583294808,NORMAL
42.502669391060024,0.9857106108959293,1.464553750969444,12.096494483048637,1438.8268607337075,NORMAL
42.85600197636837,1.3183094061433862,1.9635855436715637,11.830641256386318,1374.2576387657068,NORMAL
38.213940191731915,1.414099698580868,2.107046872065102,11.750852244257603,1458.6590462925592,NORMAL
41.54126951891535,0.9790356409497167,2.076862552972764,12.0116417436892,1392.8514851084688,NORMAL
41.43114944139313,1.3401961315920585,2.5415256215876383,12.21076041040698,1381.1165316021454,NORMAL
36.24869984033951,1.328758816802165,2.2568929754561045,12.10300953726121,1642.6365745327362,NORMAL
42.283562042772665,1.4838914100451497,2.4770008817466014,12.13027825026116,1434.2365377679828,NORMAL
43.03587688197307,1.006793696365607,1.8815906966299956,11.90292729043418,1454.0937069693161,NORMAL
49.25863426669403,0.7331837018520629,2.3431300951872567,11.67745682576207,1426.4034067105283,NORMAL
44.35580238786947,1.2160700047738657,1.461127611035347,11.856939258148007,1483.9798874467338,NORMAL
37.07853347313145,1.2541146473954936,2.022785919951907,11.869679930478837,1557.1972044662664,NORMAL
42.535676089272044,0.6937143533355982,2.093227157384714,11.867642707046322,1492.6216667398112,NORMAL
36.829917046269195,1.1713158896332752,2.2524936394902286,12.173151038834025,1389.9851796472112,NORMAL
38.66199505663621,1.0812636722097608,1.6733353837131442,12.353090848056219,1470.2490855480478,NORMAL
34.95646418265982,1.429465486763694,3.0610780985063166,12.206493052110229,1374.0315017022992,NORMAL
38.063063708535,1.5167277872966556,1.6461652671906095,12.088763885629247,1488.7317026714668,NORMAL
36.292278113687665,1.1851186609845499,0.3793663299654637,11.795122471733142,1437.371592430342,NORMAL
35.008867272140606,1.6081028259829089,1.2849293110196838,11.911991102660604,1456.5370288643046,NORMAL
45.76509315626446,0.8410344622051401,2.58158187607748,12.002046612203918,1400.9245674476024,NORMAL
41.848413897053085,1.2497649238933675,1.6998915614206027,12.013960416998003,1430.734320156912,NORMAL
40.45406938100499,1.3655326686302616,2.793008408072676,11.75243690023463,1556.6516687328133,NORMAL
32.19164880190999,1.1620537262411041,2.2941586032422885,12.056198373547007,1418.8650240089703,NORMAL
39.1675109985709,1.0767497663352918,1.7053176215278942,12.169920419404205,1467.8507742982524,NORMAL
37.228361618957386,1.4248999688583126,2.1536497604383045,12.162572423767791,1481.4814420961807,NORMAL
36.68401995631171,1.0599547399507576,2.373646802561631,12.122074053086694,1448.9549203017925,NORMAL
40.469309533235126,1.5194162239471063,1.704214305582085,12.109419476234008,1439.8903673783052,NORMAL
39.12927518709112,1.4746942129967975,2.412708174494015,12.162701927200128,1515.2739403577164,NORMAL
40.084015366531034,1.370488242823741,1.844866621703272,12.064833270497688,1443.4928472816157,NORMAL
40.38798385997087,1.3487892563592283,1.5908896583832637,12.418477455137092,1399.699130925015,NORMAL
35.14324554884907,1.4895277183750169,2.395831346981468,12.124823963410432,1481.417275463214,NORMAL
39.95101290861234,0.975686407128542,2.0379022790968633,11.864567657697577,1498.7559866708875,NORMAL
39.411770473991446,0.9936257008018721,1.8393070791735033,12.082586290855124,1421.8137723598013,NORMAL
36.711118417734276,1.260921802872978,2.1224832855543614,11.898611364925774,1426.448084719084,NORMAL
40.92819974943055,0.8379789146256689,1.2962681128117224,11.856311155749513,1439.3276424144076,NORMAL
41.24363026239202,1.568839054237388,2.42882981160101,11.968012294007314,1449.0491896048657,NORMAL
35.989882541448765,1.1953717160019024,1.8556706805399308,12.064543712067618,1408.638452822384,NORMAL
42.07738605696469,1.5831847282506444,1.9456199257715712,12.080342344419789,1484.5071995855556,NORMAL
38.39511811245666,1.2560231204526042,2.0062962003908975,12.019535219709766,1411.3495108072266,NORMAL
40.09804069703577,1.3244995728113624,2.725571803897521,12.191854165217041,1557.6591228755779,NORMAL
36.9306097484478,1.4180801591801695,2.091671002869176,12.437960586643534,1409.5850857322425,NORMAL
36.6411126312769,1.0501518386389943,0.9380521378450966,11.894848995663848,1412.043366922315,NORMAL
40.60157514590483,1.2854389939442898,2.938085419607943,12.19008476763721,1421.1548172168798,NORMAL
36.40634131460657,1.3229797928766265,1.3398833964896788,12.36629175317087,1508.9720060360644,NORMAL
38.12329739158118,0.7717163677272806,2.676936187082706,11.977092030949477,1511.890815598673,NORMAL
33.622289364822535,1.0501562442615566,2.0026218498590915,12.009396118752948,1427.4967264260379,NORMAL
42.49139972939,0.9330948926543514,1.9288102574893533,12.02405912634238,1475.7219417029376,NORMAL
42.84645951235556,0.9188394770405326,1.2329429146321889,12.255535364379702,1466.6157005989796,NORMAL
37.006053853773786,1.5877879938806307,2.0578373171464293,12.235859436812765,1453.3759240705053,NORMAL
48.24299169952795,1.638835210610801,1.8755179257604633,12.194314190190871,1482.2687974792573,NORMAL
45.47452623012939,0.9587691348549738,2.3430257299992197,12.211684897369917,1362.0630256788443,NORMAL
35.2669659493369,0.6901919555599748,1.865296582777721,12.143508451159192,1525.1178526048013,NORMAL
40.2963791216791,1.607153886392823,1.3099492708925542,11.65932351212897,1447.2226150551692,NORMAL
41.53626179575723,1.1918263129764768,0.9662789499800617,11.982175992097442,1384.7765249747574,NORMAL
42.67869019532015,1.291649561524212,1.5300601068363224,11.897226616532661,1397.0393239055525,NORMAL
39.74928361090731,1.4387855801253095,1.507136976832228,12.100809303103569,1423.487119081378,NORMAL
36.828508670950626,1.1732424100113605,1.482378838790313,11.889270138930563,1390.1061053705575,NORMAL
47.858900531665554,1.208815887992932,1.6501372460037071,12.042795982146844,1444.3835975154584,NORMAL
39.11612160186711,1.3535416750108562,2.3787538550236524,11.893899770477894,1421.209087967766,NORMAL
38.89979321139342,0.6245197088161037,1.2424044689007239,12.273374853488905,1532.2483856750641,NORMAL
39.00385584177449,1.3441392407639416,2.155625077271768,12.615776161691048,1505.9787455717287,NORMAL
39.48832963407693,0.9611148898498936,1.1967768398712137,12.040692727173445,1412.1824627357848,NORMAL
34.3109851616093,1.0383567789393684,1.4592259981928026,12.337428327014512,1494.0819878474724,NORMAL
39.96810943473353,1.5699860347225063,2.038684153823809,11.827743159734347,1526.156203863483,NORMAL
42.155640174738636,0.9406884614183859,1.904830660958196,11.824876349323048,1380.8600134517833,NORMAL
43.70471019012656,1.6773541601175326,1.3007162130904293,12.112593847338115,1417.4678715439086,NORMAL
38.05149846494122,1.0519015189402827,1.568004615160092,12.009704325588965,1408.4524941794482,NORMAL
41.081827303119354,1.1874404726377157,1.8805259765667952,11.81848726759168,1421.1614334715835,NORMAL
43.02156490330302,1.325229296906095,1.5112223776007245,12.019866461085845,1487.5693561685894,NORMAL
33.32237887551452,1.3358400480949837,1.6686881205270767,12.114119733718631,1411.8370421728741,NORMAL
32.78047159734192,0.7931143905292093,2.024042473330691,12.051944500344296,1404.7841687447797,NORMAL
42.5543698351095,0.7846199844327599,1.9669601006763417,11.757796760047508,1417.408194609892,NORMAL
40.189594685265654,0.9848966586790119,1.8077222278850873,12.201258561842888,1421.1554065238427,NORMAL
43.342768448260564,0.9175732863355954,2.2649020889576414,12.28831372413158,1326.4177749936355,NORMAL
36.812418978118096,1.344268031795135,1.8984773069785037,12.074229174674262,1419.800740664209,NORMAL
40.3463591498916,1.16108069115198,2.5838910308299035,12.050884168660243,1466.88013310376,NORMAL
38.35249213551013,1.0780984439818766,1.7837209060901895,12.07889042847566,1428.950775958987,NORMAL
41.15909942758565,1.7188501996613597,2.4355623517158462,11.934795293566431,1510.0606961081971,NORMAL
38.36769850791379,0.6904688662055365,1.4959568445412978,11.62584161579483,1432.4243257979347,NORMAL
40.073673516758205,1.6191093280688207,2.163463686882081,11.956179894238227,1491.4702790591746,NORMAL
31.15545876396846,1.2589036395271413,2.3854325969434833,11.704282750844031,1507.1877021603464,NORMAL
41.35398562997766,1.0961780215247996,2.3163909330531425,12.454138571560879,1459.0933127529247,NORMAL
40.992882345201345,1.0851597751149389,1.5750778152676042,12.166067163308849,1407.1958087045566,NORMAL
40.28626494887757,1.0805856383087207,2.239489912873196,12.06673242105739,1501.876997212895,NORMAL
37.95993440458101,1.1325312661766571,1.5106181421088463,11.911141347984778,1468.8650246522427,NORMAL
43.027954466581406,0.9694586689555936,2.43480296005283,12.27112757176099,1470.671745161185,NORMAL
47.507183250232266,1.0065527002241068,1.3776726483442916,11.644255950219144,1524.802215574459,NORMAL
42.61746262541623,1.1861038322723862,2.13998431315991,11.774902190540324,1572.2875989808413,NORMAL
40.51688472790091,1.2273486986512232,2.362883311949346,12.096201846347343,1461.1942012139566,NORMAL
36.838102178218755,1.317867089283999,2.941012248237517,12.269084009230996,1529.65933133197,NORMAL
37.95513729427526,0.9525987949353547,1.937106539950176,12.011144982457738,1504.7095759235474,NORMAL
33.23014148114072,1.5823875798651534,1.9209960507105053,11.914623786010516,1399.3947812369915,NORMAL
33.380573312536924,1.4057926459904786,2.0366589835942017,11.74200782005179,1385.2460613968192,NORMAL
38.65686120283949,1.6172553813223483,1.8702043243181976,11.69937140937638,1437.7128467957027,NORMAL
38.90910572100932,0.525778339264607,1.9728525667410939,11.953813093958264,1484.810318240671,NORMAL
47.39582437978138,1.4816412573869393,1.8655556547225847,11.778694818251665,1578.667990162493,NORMAL
40.23687373605795,1.2034823229782365,1.9879374564449983,12.03961695215357,1442.7819794038028,NORMAL
37.70535197247906,1.063285264689902,1.9836233648920008,11.891315045773247,1414.3577108661418,NORMAL
40.42572091076759,1.1362556956447862,2.7519964942913444,11.469806038321398,1504.5753425961232,NORMAL
44.98434076999052,0.6816524418979626,1.8286562029598257,11.92571182680084,1379.6244152641088,NORMAL
36.8887332496365,0.9223560386335428,2.8761352217118112,12.187135678629492,1513.577754749708,NORMAL
42.88668825617294,0.9177370571956927,1.7377398668601132,12.097874912245583,1388.8936095554027,NORMAL
42.85199372068955,1.1399186504604661,1.8125895962252012,12.142191993640699,1472.213165574302,NORMAL
38.55613533672368,1.489832450841062,1.4594683362000513,12.123187121388852,1479.6550628984191,NORMAL
38.76181424274404,1.2815332555605294,1.3744432118073484,12.18480540384138,1440.7548931778506,NORMAL
37.90910791792384,1.4622523064592223,1.6478281547286204,11.718307740727289,1372.168541323805,NORMAL
42.424039805382556,0.8798926618759292,2.8773970909921824,11.583614118423256,1534.8228184145019,NORMAL
40.84406986881047,1.1758217220324019,1.7275404565955252,12.079827222870414,1448.1182648787576,NORMAL
44.41320752806609,1.2285569121655098,2.0751508807309387,11.927277557557229,1447.1527188139466,NORMAL
41.231207075568236,0.7724579018358435,1.3259072889471435,12.148652818804543,1458.5432719063972,NORMAL
39.264066654589286,1.2046084832663482,2.1737908526808356,11.892048063938129,1411.0847637298843,NORMAL
40.78338102039073,0.9554068055962419,2.2041263778572358,11.659483279152433,1501.4577818662822,NORMAL
41.89038992965217,1.2640074335784688,2.491345491972757,12.333094888892516,1500.7185032509065,NORMAL
32.63650307467342,0.8801057583160745,1.6875907111521606,12.005218210042166,1475.8829510234561,NORMAL
37.097024747386136,1.2466916911192696,1.6223085338233387,11.87769643940161,1379.666945157589,NORMAL
36.307067015556385,0.8620788485959165,1.5120633735113336,12.210728359321568,1402.5300555584029,NORMAL
50.52952825934956,1.3233294752202223,2.092418061847437,11.828328443963757,1485.0154939704496,NORMAL
37.697448695048905,1.2305024536613403,3.2800422691343973,11.98078802005507,1507.4636663142837,NORMAL
37.18729429949645,1.1912528773757596,2.885400317817755,11.874606588442447,1540.6224278998463,NORMAL
42.8310077418219,1.059383306026433,2.3162038695277607,12.194510889925345,1481.09049811086,NORMAL
33.719101120438175,1.0182157060437829,1.8762406822242477,11.98511331417999,1481.033604877534,NORMAL
40.71080400373302,0.8661639103224746,2.1900989255029817,12.122117149056765,1477.989522396552,NORMAL
44.323122902218486,1.4084805386372259,2.2295900396142185,11.98596685770827,1366.9519533242005,NORMAL
41.71847287653034,1.2519219217907778,2.1357894185976867,11.744650284835938,1395.9471729795869,NORMAL
44.212611413331615,1.190111211535836,2.340750348686312,12.005663675226092,1451.4878069747872,NORMAL
43.75313522390399,1.0709888179456564,2.0480603884704918,11.907544942258992,1428.2751886283843,NORMAL
38.76331150612544,1.2555334429084282,1.7606256891682612,12.251151225114704,1405.2696348890247,NORMAL
39.252513423354564,1.0900672354314562,2.7234889421768664,12.039310955302314,1501.5922269734317,NORMAL
34.057758507852114,1.2667625664673148,2.4448153978117184,12.016456797855085,1503.2740187532675,NORMAL
37.93084619959851,1.552336860046395,3.149449061809625,11.927432287912069,1427.7248739299614,NORMAL
45.813537908470806,1.594893036432678,1.738569986423366,11.91596263658083,1435.9107695569746,NORMAL
34.622197955862895,0.9703370133789504,1.4979296166239662,11.846440486979175,1448.265755630661,NORMAL
40.93685893014608,1.5876251232035192,1.5008229796306045,12.196864479695316,1439.3005577887245,NORMAL
39.80214516139027,1.368704873041651,1.4386389892188507,12.07648194923681,1458.3226104106527,NORMAL
41.9698050560326,1.2722921609769544,3.2276500699554473,11.872452003149737,1423.450152249909,NORMAL
37.50743789430094,1.0611307202099363,1.6813064363467412,12.23780330622151,1521.0252123994928,NORMAL
37.717014825002096,0.9919111067239428,2.235707778193202,11.889555391143805,1481.6465908877756,NORMAL
40.8116920834052,0.821063971250692,2.7737526006650306,12.359175534619105,1419.3605654757807,NORMAL
38.449193760256065,1.2714663476812262,2.1672283949935123,12.131708854534565,1550.5102269383174,NORMAL
39.292211090023805,1.0004256888653864,1.3103403859927365,11.853813992011617,1448.3436513563101,NORMAL
47.17823145407115,1.070597175240957,2.111893975819449,11.99671542078545,1509.419663672404,NORMAL
50.107729703494485,1.0672828067699198,1.755280278740889,12.208832175413814,1484.0945744813155,NORMAL
47.386829302944136,1.3459820463314909,1.8203539546064702,12.118130966138462,1505.4351790291453,NORMAL
43.28192872478946,1.3268185077768244,2.533337344794577,12.233859118089134,1519.1079495518763,NORMAL
42.59483955035857,1.1582204799207865,2.0733568432166614,12.241301793301671,1409.1532164506382,NORMAL
41.47469323549161,1.1016652969181597,2.014372411467409,12.25569037252146,1459.5549534009951,NORMAL
40.18574619262459,0.8600359647550202,2.3731267830136105,12.129096836228214,1558.162736165273,NORMAL
38.768887060188,1.2547875819159846,2.1246918418553777,12.315490655952695,1445.2352233806523,NORMAL
41.11608610308136,1.3519741274291348,2.093304561578179,11.910713277089894,1459.7044996449154,NORMAL
44.294526999439086,0.9433711751472349,2.066484837073438,11.859975837012165,1509.7523314462421,NORMAL
33.907252380864904,1.0602695381821028,2.1886059375322606,12.313104805846868,1446.7124869463505,NORMAL
37.77920189322721,1.6702892673601475,1.2759930497918779,11.560238808675983,1472.0007225026666,NORMAL
37.99178310258956,0.9446917957173216,2.3541782236496767,12.04876014275424,1421.7960684631637,NORMAL
34.87878240531642,1.418114332070036,2.3251005889793306,11.980164827244124,1542.3318498023832,NORMAL
35.71966093469539,0.8186187072688152,1.6540459650593777,11.9908827967289,1462.1669724661347,NORMAL
39.03505576857468,1.2880138491285742,1.374230287904778,12.288752920814652,1445.8924410803716,NORMAL
44.46918332635251,1.285681336594426,2.228376609576892,12.11395345604644,1472.3854280008657,NORMAL
42.570891039470176,1.532288132533108,2.098260584850735,12.141800751517703,1445.5132152856386,NORMAL
45.76046886179789,1.0309019244851825,2.9004702164554077,11.99196840987113,1378.4612448940975,NORMAL
40.512417659643155,1.0297370856312797,2.420321774494362,11.869475204139523,1427.690828339261,NORMAL
32.44183707621788,1.0869234201877307,0.7880603366855217,11.683219435302856,1488.020732807215,NORMAL
43.14320063460333,1.3063643904462412,1.5165119284353934,11.990457728771604,1449.8198730454715,NORMAL
35.36654124322983,1.5758495754417876,2.438681145287836,11.955807165234067,1451.3442919497265,NORMAL
40.83353123179021,0.6895662828939273,1.8764113087397016,11.86360315040044,1399.9189995052543,NORMAL
38.875598828456184,1.6494216317123807,2.320421430633505,11.88576420204344,1478.629139067808,NORMAL
74.99677718293,1.7773901048738305,2.5357782219521043,11.670612644458886,1391.8933988168153,OVERHEATING
69.96742692710875,1.7685579660083197,2.8811030810091816,12.009910543063867,1317.885887306366,OVERHEATING
74.58697032817163,1.5592798814077198,3.745156523575159,11.662162436382086,1454.1578281899149,OVERHEATING
68.98955391731324,1.3045745989156654,2.209668499567407,11.735930538361137,1375.4499567841149,OVERHEATING
70.6141774401775,1.3278899988184263,2.48538724464341,12.228454071722373,1453.6525902060428,OVERHEATING
70.18161834837016,1.5114010434504601,2.5720187960309566,11.922703594546084,1288.6324460880958,OVERHEATING
66.71311731288327,0.9994247778367232,2.7395338735631674,11.929439187940549,1321.0088122620375,OVERHEATING
75.86993381645016,1.1322703010992976,1.621375071874108,11.844890363711995,1412.8258981567292,OVERHEATING
76.41963845728934,1.362334721139318,3.1472085000587775,11.792298306099859,1339.6423620035507,OVERHEATING
72.41829968743336,1.695696863524026,1.5541647058094505,12.09530806994518,1432.8054812488472,OVERHEATING
64.87218649245236,1.6187410600312226,2.7964181117696434,11.852134753164782,1316.9816907692748,OVERHEATING
64.64188316030975,1.4923337787025663,3.2036374115556185,11.908720030918888,1327.7631400748337,OVERHEATING
71.85849355324173,0.6454372138109774,3.1892594202232623,11.452057244244381,1328.253543515812,OVERHEATING
62.40165052686928,1.1115955572837284,3.1964960724271116,11.706459759737623,1370.790232903843,OVERHEATING
67.76539710560408,1.6431122481669365,2.5460931346361533,11.543401555162287,1409.7760091668283,OVERHEATING
65.53121708419344,1.0330254304020747,2.2431309034204525,12.100151958126864,1401.0133045268096,OVERHEATING
66.2567393279607,1.3952226887044714,2.3070189692695706,12.21534959671217,1372.9161271338933,OVERHEATING
70.15020823595535,1.8090850362095527,2.643273495415908,11.74819157083586,1338.2190090549013,OVERHEATING
67.64199370292968,1.4888333290470475,2.936577726182188,11.810389177161461,1393.9584046329348,OVERHEATING
67.59641709945708,1.5235905570948272,1.3010795892807354,11.983265534940497,1370.7893085538797,OVERHEATING
72.99005054929826,0.6311233865418933,3.7530248228684364,11.772082074368965,1416.490969004251,OVERHEATING
62.800470364372345,1.683832171518771,1.8679506620958062,11.67524620786084,1464.8418812320072,OVERHEATING
67.04658799618326,1.565229861953917,3.0220406384132525,11.899136377594521,1359.0251343086145,OVERHEATING
69.82480501233113,2.2210246755714826,2.465428721779849,11.840219809342994,1413.0392637604568,OVERHEATING
73.52762966478991,1.856109091668114,2.8832381332175108,11.571399017453905,1448.0058919380658,OVERHEATING
62.26827303490656,1.59079063957171,2.0474344899883854,11.787172330681402,1369.7257446182089,OVERHEATING
69.60678607725137,1.6265762262705854,3.4682267614351883,11.890706860302796,1335.350601882561,OVERHEATING
72.82043584144179,1.8568411466773922,1.7634353109178047,11.919480013969972,1392.0703645386538,OVERHEATING
66.51218248320004,1.9127120439934857,2.409966647780484,11.82511529069431,1339.6156905429677,OVERHEATING
68.07789523790734,1.1711174739314394,1.6359694704434236,12.118901012644995,1299.1823191009003,OVERHEATING
63.04303825271846,0.8539829659188856,2.1166229513862986,11.5353820413185,1448.5209096081821,OVERHEATING
73.04908544671318,1.293554896446683,3.8514614832065854,11.99635309739832,1330.5101169894826,OVERHEATING
55.50297142563213,2.1872827717772223,1.6662565199418424,11.470920250608621,1411.3542259205783,OVERHEATING
80.19876203169636,1.9152818455531555,2.8383454720314156,11.918950868333058,1401.2049335268184,OVERHEATING
71.79464294893383,1.5843574271908127,2.5625206623711256,11.787481374420096,1304.7621246679994,OVERHEATING
66.59662461566613,0.9921129557413844,2.44099622392315,11.602281778569818,1283.7846409670537,OVERHEATING
68.8994707557674,1.9176006859033798,3.0509899636013875,11.485899879275365,1290.6223118057796,OVERHEATING
72.70385593994108,1.2052537819385072,2.3652201100017853,11.91001041980491,1291.8993327081819,OVERHEATING
68.5268775307298,1.0997923515245387,2.1391794136292717,11.863956386828509,1254.4203759880997,OVERHEATING
70.20237368980199,1.4941086603219957,2.831493972650289,11.844782826812933,1431.8484257984308,OVERHEATING
68.62612251323954,1.371178337662424,2.5733785018193704,11.908659605807278,1352.9316042195424,OVERHEATING
68.20295845601942,1.2894024936579733,2.102259449469431,11.519478945640062,1454.9746045912163,OVERHEATING
61.780683823043574,1.292128440661228,2.0689556406584817,11.978984875388889,1332.3030193024783,OVERHEATING
74.23871036336867,1.2979528127268394,2.667396497334281,11.63293058934805,1478.7089476664032,OVERHEATING
62.062007904852436,1.5929462130681082,2.880266128559259,11.8827598194903,1338.8827404673375,OVERHEATING
67.35089650133287,1.5131434415937328,2.4117987990229066,11.992775823358983,1482.631380095481,OVERHEATING
65.21254107496082,1.0890591061262767,2.447030770989247,12.315941867530864,1301.7795259218162,OVERHEATING
76.19558402722033,2.003310244222932,2.167847054975203,11.913796615837056,1447.7037973877123,OVERHEATING
66.10436129506256,1.4389258919692915,2.150991451630814,11.597048653861428,1311.0433472960397,OVERHEATING
61.880298666188715,1.5102250404777677,2.038016061364815,11.84675718235815,1256.6462612277824,OVERHEATING
69.65440116107229,1.7500586884826774,1.3037586144571267,11.874811313969515,1423.6601395483976,OVERHEATING
61.951794906543974,2.001771716051311,2.7514114056196273,11.658997628848319,1346.6538553405376,OVERHEATING
70.7916345626086,1.5228016174237236,2.8232535954678215,11.615865281384128,1360.1616494421646,OVERHEATING
60.9314275154751,1.46663218159539,1.9576554151211263,11.652894011482047,1424.1655905126263,OVERHEATING
73.45655060297135,1.6827414362721531,1.8446123411964526,11.73671831006104,1422.785861998751,OVERHEATING
68.70858456819953,2.195798861994508,2.735990703636623,11.838409823298006,1331.45301214785,OVERHEATING
68.66770452391141,1.454259049085837,2.924865206013154,11.991340463358917,1302.840632369523,OVERHEATING
61.343835232211106,0.9491383880690111,2.8047947961475264,11.579326678765225,1220.826564422851,OVERHEATING
69.94289302265481,2.247899855229837,2.496357453076064,11.967698154890329,1354.909761512854,OVERHEATING
67.50555173404429,1.7757229448963305,2.3258352734868093,11.853478462814381,1369.3018683717607,OVERHEATING
64.65954773178476,1.7976127048609567,2.395024145982755,11.648850968101431,1382.1905906142242,OVERHEATING
63.50766009104481,1.5084543472107386,2.494528602013478,12.017179113166316,1378.4818939727973,OVERHEATING
67.87486520627428,1.7453298897600862,3.334124529410388,11.911562061270374,1350.6211571906028,OVERHEATING
61.4408188382492,1.1804659010773881,2.3168651773871995,11.678097559568144,1338.7817218208731,OVERHEATING
68.28324962448553,1.6589078263070192,2.457700733164545,11.89730032876524,1353.8684648886071,OVERHEATING
58.12266716823064,1.2181993818543737,2.4135474665670307,11.558061051431778,1385.9957237997723,OVERHEATING
75.65375416171848,1.865628555509195,2.3719342774418752,12.098145227369992,1358.9200474321267,OVERHEATING
66.3145701444098,1.315979200937718,2.318518188107123,11.722364636291754,1360.2249733425292,OVERHEATING
68.80286990524932,1.5009138060460243,2.7621629018478098,12.03812925495727,1406.9732481264793,OVERHEATING
60.575510157750486,0.7338236595294135,3.060591946743564,11.526624260316916,1336.514075886439,OVERHEATING
62.1494348697032,0.9594058687259941,2.824877636922873,11.95183103206053,1315.4093759563968,OVERHEATING
55.04478853927545,1.3361266655242552,2.735082403241528,11.504217686245175,1361.0015951867492,OVERHEATING
67.92345075413502,1.6737874498803265,2.571748221048492,11.60538621182369,1421.7942900998694,OVERHEATING
67.20735213486515,1.4918086381470204,1.9400392245560822,11.711343549761699,1296.9118371583859,OVERHEATING
67.13526970038288,2.013512544042703,1.6768593142411863,11.477287720424652,1438.2702196496166,OVERHEATING
66.95338161424067,1.299278178402025,3.1239428124376456,11.678876892052628,1459.5605828128162,OVERHEATING
71.38962935669635,1.3536265775562892,3.7943849279593023,11.678857015399332,1394.5257223205583,OVERHEATING
69.49646290203246,1.8905223868196395,3.4369067180361115,11.806400829813153,1304.794927779229,OVERHEATING
70.29986071469558,1.2966853890743681,3.7080323485159736,11.827307066216548,1328.0807069212735,OVERHEATING
68.92340152932454,1.095862113141091,1.917031576893609,12.040082781588886,1310.5863432617164,OVERHEATING
62.765445086590304,1.6609958257581858,3.211422492797798,11.943790662133013,1409.762861148349,OVERHEATING
64.21602455715269,1.073456799977447,3.400800191173292,11.735464032231574,1334.950019012697,OVERHEATING
74.6409707092453,1.666869002820198,2.7735326632489645,12.233000468980217,1311.3889061771915,OVERHEATING
72.63920064040619,1.5171039374691253,2.661155367317954,12.105693685282507,1380.4701453773773,OVERHEATING
70.69148039524816,1.8217522011929406,2.281028362274269,11.632158066532199,1287.311448358738,OVERHEATING
58.16821705311999,2.1168621389820967,1.83807498056699,11.755749275282847,1333.3912020066648,OVERHEATING
69.5370334890455,1.744721163761789,3.016284093015847,11.683384512286214,1339.9726971728153,OVERHEATING
69.4128997524415,1.4253926621449358,3.4644073456119955,11.898194990327651,1394.092667162989,OVERHEATING
71.31440634333707,1.8520421572455974,2.608612935222224,11.54063361040883,1373.9812771051586,OVERHEATING
64.74321553104086,1.341414995475073,2.851818411253056,12.047656614286728,1351.2762946041637,OVERHEATING
69.54416506299482,2.0106644833905714,2.6444519076931408,12.320336622836079,1383.9305787378926,OVERHEATING
59.19618620422091,1.7260024863313597,2.7286950309296665,12.05795055081655,1390.3908810761975,OVERHEATING
67.30772008008113,1.1327105291131903,2.374586045628385,11.62989590915814,1315.1685930117167,OVERHEATING
70.94289202210305,2.000971351305422,2.7368029178937885,11.560823387592963,1376.6761600932084,OVERHEATING
73.98315743322826,1.3170651287041855,2.419589699996249,11.80293763894584,1302.9061012150655,OVERHEATING
71.2414021692193,1.4637155554176655,2.7517194663442166,11.622501564439581,1323.7525019805953,OVERHEATING
71.61190678913886,1.3881500543724699,3.536178310740043,11.72007276287708,1363.481083545113,OVERHEATING
72.66295415936546,1.0744902801200906,1.4435147128115344,11.494868737085982,1425.7550462056308,OVERHEATING
65.24070927053776,2.267459785700476,2.1614514408055667,11.836910260639408,1442.5265971540725,OVERHEATING
78.03046444079561,2.1184510729909194,3.2250197383558854,12.004812505162294,1385.551616952071,OVERHEATING
71.89180538083319,1.33464428510144,2.0090806699466155,11.79932510851781,1339.7889226485042,OVERHEATING
65.73385975336362,1.7089162342370146,3.0731831251423065,11.81768137725837,1438.6518048633156,OVERHEATING
62.29155442933248,1.4419021622160846,2.069906607638317,11.42669267658539,1345.039158849438,OVERHEATING
67.39126245808359,1.9540349229726393,2.8784870107328664,11.59516263513416,1461.2455539800512,OVERHEATING
74.10516847762676,1.6746293110405848,2.3641095406901007,11.608112152655305,1327.6675934357368,OVERHEATING
73.44374309852093,2.065375891780383,3.4259461169633134,11.702230115642745,1282.8229540026593,OVERHEATING
68.70443123455603,0.9694681903311445,2.693900628510869,11.770479482740267,1322.0378098879055,OVERHEATING
60.026484663666025,1.654080031970915,2.1803794962028533,11.566016632857943,1177.664267203101,OVERHEATING
67.86242547474681,2.0316754790009233,3.496755528728722,11.708580748682746,1313.8672763782931,OVERHEATING
70.34387128037511,1.2004843682435125,2.6810751398916794,11.953216055676938,1423.6159934330585,OVERHEATING
67.49922961760024,1.4388978749469103,1.9732104479460633,11.63462392919203,1336.4112664859083,OVERHEATING
69.8368275340809,1.7740753878699749,2.018092629591793,12.098537713791906,1333.732583937446,OVERHEATING
67.89316352825782,1.275836496255653,1.0454558438362351,11.976809079272211,1394.210633825546,OVERHEATING
66.59336221440893,1.5200972151674617,2.8095635306224596,11.487490828622692,1318.2568393592223,OVERHEATING
71.97132339810913,1.1237131730492251,2.676134759299978,11.52868363907532,1377.9857989460115,OVERHEATING
67.82179258851258,1.015460455228347,3.198843612674303,11.65308168464039,1301.384853779137,OVERHEATING
69.00284598615471,1.8445912048286146,1.890506908612962,11.812335969969595,1375.7289900198343,OVERHEATING
71.46552803631572,1.5529324665831676,2.2797832965500064,11.634481955870257,1355.1686329827826,OVERHEATING
62.639304940071966,0.6235948549516178,2.7619358824946008,11.98078696821724,1208.2240538674896,OVERHEATING
62.95134647645031,1.6857462783015593,3.7344972818270192,11.804158741535081,1306.3198235262519,OVERHEATING
67.0855177944758,1.9124629257444554,2.1124214925252787,11.64016159866995,1321.035388669078,OVERHEATING
63.23335695870644,1.5368010947984387,3.4748070750817366,11.864615854623207,1334.8587898724227,OVERHEATING
66.54094365542228,1.031042757391003,3.0298658662882954,11.784432560597441,1339.1712051845625,OVERHEATING
83.96553783922431,1.5896258725097059,2.0489253699428893,11.714728480758891,1418.9067425518053,OVERHEATING
68.56635205268883,1.06851660650479,3.051537360745122,11.666371182892203,1462.3978665730529,OVERHEATING
73.40024032857325,1.3658034313023746,3.268609817041068,11.813571102105481,1401.1664205073332,OVERHEATING
70.42366408647237,1.246093003502738,2.113870100609523,12.005992163516233,1329.9134800736076,OVERHEATING
65.98175768379002,1.213463226195194,2.7541594393560764,12.21250498384863,1285.9480251447437,OVERHEATING
68.1210972833638,1.9236661666246286,2.452215165252571,11.890474359249948,1286.2563883111873,OVERHEATING
70.14153548603824,1.4438567204986354,3.091437997407918,12.03747721031295,1505.3738185211168,OVERHEATING
70.89816586606788,1.59773889497465,2.6166305809464014,11.729366741437863,1370.3090306077015,OVERHEATING
66.52299294930485,1.5505382928808842,3.2905585213647757,11.598691486944073,1418.3927136677428,OVERHEATING
74.58557533669932,1.4645794419026763,1.2268870605948432,11.678435602581114,1427.8196727936665,OVERHEATING
67.88565968850558,1.2002093303115267,2.1971350472630697,11.968124005300911,1382.8040140920828,OVERHEATING
66.80533950415153,1.3899526764555938,2.264945110573707,11.6155179631003,1446.9225413681665,OVERHEATING
66.3883976539433,1.865147556247649,3.412789631153471,11.999662179629592,1324.102781236917,OVERHEATING
70.01865045168304,1.4927413180827251,1.957778883561923,11.86487185634432,1279.2576125304117,OVERHEATING
73.93839694230782,1.360614810810482,2.6206957935237036,11.85665757430923,1334.4657015777555,OVERHEATING
70.93346900737637,1.3575289030132427,3.0227783784743467,11.53080406395065,1357.5827747727847,OVERHEATING
77.69464499529143,1.1999006026183276,2.093353017685089,11.902781569931784,1360.7749069163758,OVERHEATING
69.7531504963678,1.646756139044299,2.880832881137062,12.021939968391246,1374.5891194157107,OVERHEATING
66.79371172690729,1.7017721103608194,3.6399291609371294,11.773473250723486,1291.5282417197616,OVERHEATING
73.53540334643486,1.4638856508139206,1.1963982723915783,11.969484335430085,1317.8803088427646,OVERHEATING
67.54733358847919,1.5995940991707043,2.61429980786744,11.941890363427808,1323.8708177658093,OVERHEATING
70.56552899088041,1.4221359967248248,2.943286288532502,11.923073496802612,1293.8736778773243,OVERHEATING
73.42991058087516,1.3392109664657856,2.984834678968687,11.87345746268027,1460.2910206077074,OVERHEATING
66.88267008814074,1.3952049611645407,2.4883482364673606,11.739364043433145,1397.996514116523,OVERHEATING
59.91844695781706,1.1838952742560938,1.8593182470524843,11.990061518394716,1452.6368023549155,OVERHEATING
67.47775390731265,1.4493534830429968,2.5420312978679087,12.03237566052164,1294.3588119485655,OVERHEATING
69.19184491367392,1.7925592889347288,2.800656501963907,11.83791632331975,1410.0627655540284,OVERHEATING
54.48383853500381,1.7033625958592722,2.107554590123546,11.433873420628709,1380.6721559714988,OVERHEATING
74.86829272581478,1.4587654456116925,3.0717247283217635,12.122455651597729,1428.8948672150427,OVERHEATING
76.19982264685697,1.7226382473215676,2.5452601833409556,11.479606837620567,1335.2362507122032,OVERHEATING
63.78376702341904,2.151282815249344,2.3944685125405982,11.824640961356899,1383.089122562428,OVERHEATING
68.21801223186228,2.0085153121292256,2.126410382959329,11.838921491047449,1305.451764858117,OVERHEATING
61.399887443896475,1.3164692727284144,2.4777779217709526,11.71413955509655,1308.4547412075685,OVERHEATING
60.96841268164083,1.4750683282113917,1.5971677755813987,11.95201119273792,1354.9463851760702,OVERHEATING
60.712242502675345,1.407237276885041,2.0487061566456504,11.863834902083838,1430.4270267613888,OVERHEATING
58.62413765177128,1.5345078237442251,2.403920322660016,11.934268015290094,1362.7917976942613,OVERHEATING
64.2401533413059,1.4042838193000144,2.0223844859179065,12.01520142771972,1351.2786989203166,OVERHEATING
77.50595342876504,1.4818017558556138,2.0749559398537225,11.497257121477436,1241.8116194246434,OVERHEATING
60.07932028497255,1.5801379953034451,2.8052350139379603,11.483761859593574,1403.702298844567,OVERHEATING
65.58469474158281,1.5440379035956648,3.4673323769532547,11.979367863173106,1333.88816112565,OVERHEATING
63.544038872923565,0.8544553796012085,2.0685080084545477,11.757773952234462,1290.7692283709289,OVERHEATING
67.34371516453848,1.5230555648876305,2.365086410915153,11.669999483835308,1360.1192803180036,OVERHEATING
70.20970324784705,1.1728802767671462,3.346559427847762,11.780282373543148,1351.130977376691,OVERHEATING
71.54107211628279,1.5699648393790504,3.071881980347947,11.857424833040366,1313.2537575215738,OVERHEATING
69.8075176260305,1.1568821378038014,2.565135823465914,11.793354001871108,1337.5129885636477,OVERHEATING
67.35731244280535,0.9354452863507083,2.170765055355423,11.818568980228223,1359.591383519844,OVERHEATING
62.861624295370206,1.8797123522594101,1.9802950910712995,11.993891440105347,1375.6316617123011,OVERHEATING
64.76886345078098,2.0325932677828535,1.783817900946112,11.983830834722001,1410.0349390825786,OVERHEATING
64.64689895461677,1.9177395900192986,2.3499720912406286,11.857738725855972,1365.6193103262733,OVERHEATING
67.32845629264726,1.7432424819479346,2.9760932323313276,11.450293605352364,1428.2604145726891,OVERHEATING
59.68754005982163,1.8097638613024971,3.17602308209655,11.581806713956961,1325.351142722725,OVERHEATING
62.47147665757032,1.4355236909133795,2.3151794294885555,11.955932106453869,1428.6185247671765,OVERHEATING
74.97841905394978,1.3313495920265095,2.374466875753283,11.463312361555811,1301.6477960102286,OVERHEATING
72.8242581654873,1.9846748470644695,1.7593906768720466,11.681507148169421,1348.4156545824644,OVERHEATING
69.40080579409803,1.2571189440235062,2.7544366266784537,11.705232130585818,1349.1328637473032,OVERHEATING
70.73142124001849,1.5019266809432814,2.238168465684059,11.778078039214835,1344.6982224476799,OVERHEATING
66.14994485058936,1.4223611811998693,3.45918830230283,11.912183889588249,1332.2711809182504,OVERHEATING
71.48477202255368,1.399854153073197,3.203874782551985,11.87392843843962,1343.5618713597462,OVERHEATING
70.23858462905139,1.0287371543794501,1.8239395186541167,11.561214998720189,1358.5765856858225,OVERHEATING
76.66257499742545,2.1693900438577898,2.882830660864454,11.900168894988893,1241.9365359508356,OVERHEATING
65.2866310013299,1.2636648744275283,2.1274914410493304,11.766371236283042,1321.6745653381724,OVERHEATING
58.10350094812106,1.72437307683526,1.8563541845561162,11.84784937282223,1474.4449601849983,OVERHEATING
63.403077042067885,0.7409137431761011,2.3283974668719334,12.020191926999715,1467.5008472532356,OVERHEATING
61.85225202773792,1.6490097669709565,2.220813725931968,11.778810329139173,1508.6606008210222,OVERHEATING
60.48514835802423,1.576121898448372,2.78061590305926,12.01715726498787,1355.8789892082536,OVERHEATING
69.54025269752051,1.3825054297734627,2.6614761647470644,11.731361544900519,1387.294313391363,OVERHEATING
66.15194831978182,1.6131301181706559,2.482442311789013,12.025210050154435,1346.9163765846909,OVERHEATING
59.134837658965594,1.8785764502141975,1.9565606194824285,11.669246732270237,1314.2603223573906,OVERHEATING
74.87219046585409,0.8592977358063913,4.382649120195996,12.011211361813212,1363.3943348477496,OVERHEATING
67.72552999691857,1.585666222457297,2.812673457027603,11.929043117190012,1383.336267960207,OVERHEATING
68.44790340627624,1.4407984739078021,2.409236029807893,11.761018343929464,1418.0262058120238,OVERHEATING
70.96778361140431,0.617883409600716,2.8935404659178565,11.838947238943756,1348.8774746132462,OVERHEATING
66.05740773455557,1.8372338159958042,3.0685158772737147,11.645424466435278,1374.4231372274721,OVERHEATING
63.14171632729357,1.086114550563321,2.1239696652460207,11.972478694476553,1407.1875027225651,OVERHEATING
70.56542710048646,1.7175287360543992,2.809706972268975,11.67170368095541,1375.9153526804364,OVERHEATING
72.0020476261384,1.7262873989440723,3.2133480228847855,11.941660769440213,1371.086892452495,OVERHEATING
73.35075119158213,1.492043622225282,1.9708752092633692,11.767386607211249,1305.305841311613,OVERHEATING
46.624108625128095,3.142192531713793,2.945306055300027,11.407611541108288,998.5108266436971,OVERLOAD
51.06646853686469,3.2004821901448897,2.9280379582522666,11.697773700529721,1225.0056110101248,OVERLOAD
41.96220067815513,2.8949100885735146,2.9616003551488914,11.21802906966734,1216.3579873545398,OVERLOAD
49.03086930613598,3.094194063475756,2.0972963449152724,11.690625409062768,1050.8593284117221,OVERLOAD
50.29966315133164,3.3109507751832767,4.452461017087056,11.107353880264267,908.439027534334,OVERLOAD
50.91924772376847,3.9202044726043415,4.367262447057606,11.562897824582388,1110.6691051494363,OVERLOAD
54.03561298318655,2.8105815201182125,3.8334504385493533,11.651641047749989,1234.8167925999103,OVERLOAD
63.79830019455539,3.356966386871507,3.143725462004751,11.492327706342401,1008.4739276088706,OVERLOAD
46.52643434455471,3.0362870247547584,3.133138121445785,11.545706461610116,1084.206405409424,OVERLOAD
55.60515333662236,3.200082825967279,3.49348977520297,11.401631585046125,1162.4152547087183,OVERLOAD
54.125491323338174,2.85314791371564,3.0393184576473202,11.408882191367,1042.3303261221429,OVERLOAD
45.90371070139251,3.0095116505821364,4.1120724264989095,11.578768398700577,1165.4871929094036,OVERLOAD
54.25448981083986,3.1450512846402416,3.7733253949502226,11.469033474120252,1171.2289879519703,OVERLOAD
47.08620671194209,2.2244731366894284,3.406004586469587,11.926824440829982,1224.0972321793274,OVERLOAD
54.82698742295585,3.6944522887224873,3.562060313673006,11.559194712221679,1100.587848365252,OVERLOAD
48.41963571986475,3.446308459908457,4.342719106018171,11.4581661172957,1113.984858811887,OVERLOAD
50.002639794282985,3.440482699571646,2.489301628706521,10.811145714058828,1105.9570520406733,OVERLOAD
43.89643787042921,2.996743920941076,3.39655377682777,11.364025477293096,1266.1974027576596,OVERLOAD
51.6337238230116,3.3201897438443315,3.9355450008303814,11.15835006466577,1233.1289429936214,OVERLOAD
49.6211785673227,3.468192246896485,2.7496999368718913,11.03387237019518,1215.4311726420024,OVERLOAD
51.882047630487584,2.839179378256996,2.891235843107714,11.837630435324431,1054.8470485706139,OVERLOAD
58.21336476627982,2.8397517061408526,3.946874347925868,11.401414457275305,1198.2549944865875,OVERLOAD
47.27942998942903,3.1348828375710824,3.5286434227770047,11.199343763265558,1209.26594763361,OVERLOAD
47.43393216764208,3.1085600338639927,2.803955437774041,10.731299902361407,1134.7177789919865,OVERLOAD
62.063077108064576,3.51384171515921,3.4865177341859237,11.42113275123752,1151.7972714249638,OVERLOAD
52.73559557587605,2.7276748738764622,4.28002518626821,11.714614394632374,1207.4548580566347,OVERLOAD
52.192378694048635,3.2078466630775964,3.971002865176774,11.677544240122414,1121.676743124718,OVERLOAD
47.13199113551549,3.2407425181047946,4.584314106046631,11.12826787730383,1032.5979787398048,OVERLOAD
50.82380420618259,3.2203550807424075,3.6213391650592857,11.57318595937255,1132.1438196292156,OVERLOAD
57.44931719301041,2.559638408609394,2.920052082653828,11.469023571955287,1018.5448951076667,OVERLOAD
49.12072797783964,3.8645880662912075,3.514620541807173,11.569210271715605,1049.1868187861935,OVERLOAD
46.91819295980261,3.0499214478704255,3.277599432270636,11.884493138501131,1194.61528485801,OVERLOAD
44.44271021531484,3.2986019113728022,3.8487552239477494,11.84204471155638,1276.4432549254698,OVERLOAD
44.924529040860655,2.8756569955158646,2.6196954987597687,11.429794042267906,1187.3086699557068,OVERLOAD
54.93667258294551,3.169619590542991,3.276106733721609,11.545527397674622,1083.188567869598,OVERLOAD
60.44769360847387,2.5569355891527765,3.629318405227007,12.107081865768892,1150.5439875647999,OVERLOAD
49.04980482499253,3.0570218308758292,3.3737258227663145,11.91185454240296,973.0510470936395,OVERLOAD
57.66716850648163,2.6304171390199422,3.3133433695359096,11.371226673910401,1197.0842615816575,OVERLOAD
42.00937824058126,3.384869066432777,4.917016736300797,11.091047798622157,1165.1764934088317,OVERLOAD
46.69008911101695,3.3703548824772147,3.5134034441910265,11.307553927286706,1189.029782789686,OVERLOAD
59.021740548933714,3.123638483309081,4.003830559503728,11.112018112638651,1073.4850898545592,OVERLOAD
52.362031389401885,3.793646411414386,3.748929344149962,11.406082590843054,1149.9433124338684,OVERLOAD
43.74796133015141,3.441806130542147,4.117633143626386,11.364372900150077,1112.39662817924,OVERLOAD
51.32939114826024,3.0253121055837617,3.453707169761924,12.129916536749954,1130.2379439403203,OVERLOAD
48.20829923989389,2.9409832777459366,4.0209343800499555,11.44563274803457,1098.050156934286,OVERLOAD
56.60652016136506,3.7678412018054552,3.0797035039829064,10.940038014591815,1230.6010951869537,OVERLOAD
46.57685087119998,3.5162502396651076,2.1209273276017155,11.767779201489793,1053.1062456575376,OVERLOAD
53.653820595332625,3.205709227134574,2.8322424064223486,11.377889106121966,1204.905476556536,OVERLOAD
50.529472265576175,3.433765192188994,4.883508409160839,11.030727516486685,1279.37700599749,OVERLOAD
50.52177968761607,2.840486380670749,2.568780461982707,11.44326388276689,1223.7320089539567,OVERLOAD
49.36225439811233,3.804461972098939,2.484177016963909,11.496373315646183,1049.8085244469505,OVERLOAD
51.81815941312484,3.5547549560389204,3.205466744423263,10.71873584301186,1165.9158517437195,OVERLOAD
52.18369275866755,3.3617179019846795,4.365047534275508,11.178683896105285,1204.417288436036,OVERLOAD
55.962537562389876,2.4885649663973934,3.7237562781432842,11.348746050697699,1143.4781861518684,OVERLOAD
51.73838241769168,3.0051085743545793,3.0270043445868717,11.510245725246408,1063.0203248909759,OVERLOAD
44.57087435557408,3.4717493131826016,2.695844175388941,11.699893750272764,1187.0073034283162,OVERLOAD
41.37096635604702,2.9289741390657382,4.33587658213316,11.205650340658096,1112.847659015249,OVERLOAD
52.31030446625948,3.5133562037130384,3.323922779768853,11.320746941592507,1263.7895889358806,OVERLOAD
58.6944983189879,3.5915432203127184,3.559722699795517,11.257520283507722,1083.5644474754747,OVERLOAD
52.61257052632879,3.3673592883554737,4.4811190150625,11.695135027760841,1029.7535758592146,OVERLOAD
55.25973808861459,2.800775749074235,3.231220109633354,11.575060061875508,1309.653399182717,OVERLOAD
65.5495927800268,3.4426892236544733,3.3717623668957284,11.660351694544165,1221.012434069907,OVERLOAD
48.39666187221404,3.9180845423649293,3.6610495314339815,11.649322926727418,1203.2739401643569,OVERLOAD
52.10793305307228,3.5355762001878452,3.067922769417154,11.332509473816192,1061.9876613622644,OVERLOAD
52.19750615310113,3.511574601404846,3.82044100630632,12.002347730004262,1149.5523184936762,OVERLOAD
53.34370827796256,2.7633196495442744,3.229030208267919,11.708661327269732,1217.9281688594515,OVERLOAD
48.53016526167909,3.1713602992567735,2.4374883773234335,11.392891239758017,1221.230653081583,OVERLOAD
52.876025080532834,3.400266288552484,3.5348415810266722,11.502118947588453,1097.1743088421242,OVERLOAD
53.49414210101267,3.368389177755756,3.8444131935949595,11.342189547199727,977.7325664103005,OVERLOAD
55.485763558768475,3.0084650175966385,2.896056965169816,11.708043673574197,1118.6389888064696,OVERLOAD
55.29968192023311,3.4468023798306793,3.978498526240334,11.09021328663984,1246.955518830912,OVERLOAD
51.30625265616928,3.0522891443015188,3.6003719271395758,10.967129430130504,1182.6922249184536,OVERLOAD
44.85314245908964,2.6589318856625863,2.4343485696474763,11.833806512496977,1099.6589285045768,OVERLOAD
57.6686385495825,2.985679414779081,2.3048494296849373,11.165042668015403,1248.8649296005551,OVERLOAD
49.22050911031666,2.98068508140376,3.6120127580969514,11.650534820850263,1239.391905272197,OVERLOAD
57.24249614946463,3.056092541684366,2.571766619742573,11.375960451663017,1170.822440526631,OVERLOAD
45.18120536894695,2.817139634041983,3.74065151708492,11.485404294528864,1152.623759632927,OVERLOAD
46.207523326499654,3.1078397143176932,2.853036799012187,11.767059523337435,1232.8199467779002,OVERLOAD
40.76906068880953,2.828195655923036,2.4524295214369447,11.304992819677931,1143.324962416771,OVERLOAD
42.75177390150735,2.831256074749875,2.7972298395429513,11.562180198819684,1155.5475469629,OVERLOAD
46.391312233313734,3.2707283488557595,3.117323940788914,11.418503466902184,1283.876167223883,OVERLOAD
56.70230525895174,2.680167505228961,4.080812692515422,11.743418966347477,1058.1389368997905,OVERLOAD
54.0938882187743,3.8151727673650213,2.71421863562891,11.22474915369572,1231.4129173474803,OVERLOAD
51.35747655412824,3.4205905100958094,3.7384124514803476,11.617208776278444,1043.8822297351135,OVERLOAD
55.23658853310724,3.6678359969711094,3.3394264791523804,11.486956915055842,1027.5113997955423,OVERLOAD
52.57127378008917,3.428822976685658,3.4564662881004824,11.837306007961152,1123.2738215216048,OVERLOAD
52.823029629468,2.792134264523154,3.4835134943880335,11.447693722629149,1168.0246337632752,OVERLOAD
48.152365355833204,3.147410961731333,4.078233020009055,11.368970728828534,1021.4738319409057,OVERLOAD
58.7479195210271,3.752581631476195,2.595416113426067,11.706912341573558,1109.7620183558925,OVERLOAD
51.3174360766553,3.3176896516053977,3.3359145397785746,11.26487030032408,1094.7567158146992,OVERLOAD
45.41904042259379,2.867271116707822,3.4529751969654514,11.285272003266774,1204.5641652570096,OVERLOAD
57.436230776679636,2.967978703451983,3.667583150374764,11.64990553309088,1187.7601816735419,OVERLOAD
50.37977633958044,3.497072967343889,3.83757426687646,11.128701273301811,1219.5324851511418,OVERLOAD
54.43645418633371,2.8946855583285673,3.5265564848133213,11.70499869784332,1133.254894433651,OVERLOAD
55.36489023883006,4.145548997847745,2.9498097771555125,11.085686619053867,1174.30548764839,OVERLOAD
53.60781252563072,3.1076534504620925,4.517282464324724,11.098418260083026,1205.4334898425288,OVERLOAD
46.970695896205534,3.887751162482919,4.894760747217683,11.270003023664996,1106.0354291273136,OVERLOAD
54.29793943489901,3.0451477400841944,3.4682121474474332,11.507616526162723,996.4261475041875,OVERLOAD
49.93081126952881,2.9241088903743306,3.1548140243201597,11.933089601040644,1049.4794484576596,OVERLOAD
54.06602593373989,3.0884148278672767,3.304167882052916,11.737111568815513,1177.2041035655113,OVERLOAD
52.85306498609766,3.5872738642131448,3.268084131771674,11.316328979647675,1063.1879578753762,OVERLOAD
45.87294735010522,4.37963777012349,4.371275706515751,11.094677690137594,1044.2033634605143,OVERLOAD
52.40933030859246,3.418905918951187,3.884218684722155,11.423513261933891,1139.963659199768,OVERLOAD
51.639397620796785,3.2343572025173324,1.9464897390767255,11.431060110827442,1081.8874852591748,OVERLOAD
50.87605709454256,4.3941036010413645,3.757237165832013,11.40594109414828,1223.74412015818,OVERLOAD
52.41343943604606,3.3680377961807366,3.9247954152509696,12.116963069448863,1059.5289251739268,OVERLOAD
52.36816038405727,2.829447548007385,3.888858852439574,11.224394046554172,1116.6106549115932,OVERLOAD
48.52455042881047,3.5903266877378837,4.142918110759689,11.126284787066085,1154.394728879988,OVERLOAD
46.45210072625414,2.6965980357298664,3.3480880647029405,11.407455163463254,1344.1373189076419,OVERLOAD
52.16479912680348,2.648952999698305,3.1046581970803406,11.80641498862882,1317.075421829594,OVERLOAD
42.07008343881021,2.4480302459443823,4.809675622760247,11.616884253211271,1080.5365814498907,OVERLOAD
52.67314543061217,2.145700904393249,3.5023628546180126,11.598346351852925,1223.9416111630264,OVERLOAD
44.93052023853731,3.234274864561344,2.852202761758289,11.576615126702295,1078.372294210958,OVERLOAD
47.959495804198895,2.8016738420839085,3.9557953692765597,11.757535334997,1131.2303544034069,OVERLOAD
50.19118997480014,2.6205634341465824,3.290226346395249,11.484938614887476,1359.663447282398,OVERLOAD
44.440164871129184,3.7856708955009752,4.197801141426066,11.58419092134704,1290.6896387356107,OVERLOAD
51.860527363034315,3.3556636782671716,3.4628155428877183,11.867070664725588,1237.7175387048708,OVERLOAD
46.87161356251894,2.6723011221604933,3.3579135538230402,11.259988430680707,1144.9180340307717,OVERLOAD
56.187190673420695,3.017079337965284,3.4700236330818974,11.517406820442519,1217.8744705764227,OVERLOAD
38.765553330076976,2.9573198820938815,3.647898584595631,11.860023686928058,1110.6478041995035,OVERLOAD
40.617236469790626,3.4478845783864545,3.0552463278220596,11.143100002272892,1100.052368822942,OVERLOAD
49.077373211720754,2.958102134184715,1.9561037600306517,11.769119859066139,1251.9900033022977,OVERLOAD
53.25760995669753,2.7449257318300733,3.3589559262367374,11.498043605431162,1197.903551164953,OVERLOAD
53.34170244359041,2.906330480488602,3.5573968894894925,11.637184121384573,1266.4657857717414,OVERLOAD
53.522532699123616,3.5156226749502077,3.5586786395505525,11.923137743561051,1182.7810236767598,OVERLOAD
45.69456044913215,3.7613479880500766,3.9885322907773193,11.367086793661455,1111.6405626080605,OVERLOAD
51.48287772570381,3.385273918107034,3.6381045859418446,11.593392602032866,1285.9965899661104,OVERLOAD
55.35771576117443,3.27625423650601,4.158917406537238,11.190242828941738,1181.8341639957448,OVERLOAD
59.04653174866555,3.1127816418430507,2.9066562499666406,11.304373333422081,1062.8293570126089,OVERLOAD
46.076190459361484,3.0517967605639886,2.5161030865749505,11.50468550018488,1222.1821739029317,OVERLOAD
45.4612190992654,3.8077135694567077,3.8575544619693165,11.809174175687216,1097.373235691829,OVERLOAD
54.27262613533308,2.763226439841875,4.123173250585556,11.551551801938059,1194.2600975987827,OVERLOAD
44.12202697187574,2.8419720630893583,3.9180597527773693,11.21549559873274,1187.0565033679297,OVERLOAD
43.16431096769877,3.5392696850666674,2.6372336796620437,11.665689981303856,1200.0504746916802,OVERLOAD
46.516140907852126,3.432810626833891,3.682309584333489,11.338347443142178,1069.3156252739034,OVERLOAD
40.1868715416371,3.3398600189198775,2.4046380600465618,11.528603259832392,1128.92414271342,OVERLOAD
53.39571387719098,3.0791818002040543,3.2693865495570362,11.71956121128649,1176.8046423267294,OVERLOAD
51.58077978591389,3.3877070359234107,2.425099513755026,11.727036603996094,1198.9975035210882,OVERLOAD
44.916584357117515,3.10236781053032,3.472484898660658,11.45965096467948,1176.7087973254827,OVERLOAD
57.15683390915592,3.6327066910691315,2.5814465645980156,11.686620997091815,1256.3146655628327,OVERLOAD
51.93404260344602,3.636392170074387,4.908589311990536,11.807112863832094,1169.9446876513382,OVERLOAD
55.225442370423764,3.257955133238757,3.5167321302994687,11.39457572928588,1275.0730687065686,OVERLOAD
45.907856670289995,3.8129470898712468,3.84990488661826,11.080208147559418,1179.4119434393137,OVERLOAD
39.49986746174188,3.4502032067324144,4.119662038092294,11.322293213304384,1159.8838156764466,OVERLOAD
59.77078716875143,2.9977013182952255,2.7587646890603796,11.94449902073878,1307.0069752424636,OVERLOAD
50.01847835923924,3.6045852141633428,4.439033140871617,11.277254730238484,1111.1755331705706,OVERLOAD
56.15437256577368,3.874005711483404,3.8940166021220484,11.236055693949384,1308.9648889359553,OVERLOAD
47.34514551094018,3.0659448875314195,3.739636484142735,11.966248126214433,1218.3180781241779,OVERLOAD
52.07432750180955,3.385315412047243,3.5304602680504265,11.667441854355552,947.6351937844557,OVERLOAD
48.51696270465101,3.2965287739667124,2.694290141466345,11.615896995343467,1133.6423023211103,OVERLOAD
58.77737849157745,3.829207890085943,3.173936101617286,11.45474868652999,1144.0841947513286,OVERLOAD
47.74170261920189,3.278009993611251,2.969202551778687,11.160815399518743,1199.8168979120214,OVERLOAD
53.147647921109055,2.878273696136003,4.12674880153382,11.310526681250401,1170.2532190430386,OVERLOAD
54.10172006306228,3.186554974118515,3.818318638498794,11.345071106833728,1134.2826733257523,OVERLOAD
48.9707028455983,2.9013686613839047,3.3762580858189524,11.035414510340877,1110.7077002286317,OVERLOAD
48.575622533151645,3.097528099001848,3.330951787890455,11.481470740041962,1188.3553214468852,OVERLOAD
54.37258537066261,2.9400939092606935,2.657759401227599,11.187386676327069,1111.0237663044059,OVERLOAD
48.240393410917456,2.8920015735210174,2.592718335025074,11.363163751757744,1164.5141296091176,OVERLOAD
52.97514732917782,2.9770307787566717,3.2109015244995964,11.221990507345806,1147.484866370018,OVERLOAD
45.75785682904593,3.42925112529648,2.2498934556461223,11.39211109826426,1174.0885871353394,OVERLOAD
50.91917258161252,4.277213465592199,3.744860017197535,11.198783620947397,1142.3628602328743,OVERLOAD
41.11876833266774,3.1677601002812956,2.916860760099469,11.774617082668048,1106.0367780323572,OVERLOAD
49.416170421023764,2.9457768634382386,4.717195946297332,11.403627170164626,1296.604563478336,OVERLOAD
54.07075881059133,3.3928266909341547,3.7581132031222637,11.618139189464875,995.7861936523511,OVERLOAD
48.60558302924622,3.538063188473729,3.465771971568126,11.078443045958927,1145.8076439538024,OVERLOAD
58.520527581277456,3.698756686213888,3.456597193443778,11.785434783117426,1120.6794383705558,OVERLOAD
41.480642065866405,2.8302136047481783,4.594022137955738,11.417802075451208,1130.5292816499987,OVERLOAD
48.500809018625596,3.961654635829203,4.638171240753444,12.16563407003444,1137.2763831679958,OVERLOAD
51.47812244373547,2.5933429802316836,4.5338540982827915,11.14966613461962,1167.3420451010104,OVERLOAD
44.51348736183578,2.9644532693045216,2.91391629826521,11.317637421797254,1106.8701837480817,OVERLOAD
47.25865602537461,3.533333564712123,2.726596044856236,11.56616242810416,1247.4367321844447,OVERLOAD
47.43401817743302,2.9128324437009594,3.3386327623738246,11.853917562508213,1165.5286104762686,OVERLOAD
47.34392852696201,3.393550660475216,2.728395495114504,11.704407853132885,1182.6885846161415,OVERLOAD
48.46095764430558,2.8645656806211077,2.87932335440158,11.660445200903773,1248.318440199125,OVERLOAD
46.81346126485602,3.383354681420594,2.039081086978552,11.32461468080284,1147.5152853703278,OVERLOAD
45.45158291509083,2.8253974500841617,3.0325543104717796,11.587657818497911,1135.0136785274901,OVERLOAD
38.808843833375136,2.3517199389459735,3.075194375499977,11.637305975816066,930.1996125819812,OVERLOAD
47.501349119241844,2.9895008573930317,4.471836444745914,11.38449345648614,1180.6391187792742,OVERLOAD
50.70628570043731,2.3477734080771198,4.037745051642216,11.564618951636886,1190.661491173967,OVERLOAD
69.63118853218162,2.366354824200565,4.707287654832776,11.413765744179893,1172.9863123522407,OVERLOAD
49.77243877349379,3.0303054666407827,3.101116950232869,11.598852620671902,1028.6261042662657,OVERLOAD
53.752895837608826,3.0335222380458986,2.7089514626717497,11.364996142601257,1250.5719373490058,OVERLOAD
47.323324564918885,3.343381447283848,2.9883306069991686,11.727376554977086,1204.8406191032163,OVERLOAD
59.24304416648206,3.129774421800314,3.9680583633305346,11.529420261861683,1253.669742549041,OVERLOAD
46.405838061956345,3.498002125150913,3.3637118927183227,11.480743546867451,1157.3401987558698,OVERLOAD
51.261201982133386,3.153508382751217,3.6502992282193683,11.973435417268655,1228.8359748492176,OVERLOAD
54.34577296248448,3.017784189590452,2.877531420240173,11.786590167471326,1220.0837434023836,OVERLOAD
57.36335337875491,2.9584077496123085,3.339315941247757,11.008154751242369,1118.6023115151302,OVERLOAD
54.982852552897235,3.013401848308721,3.9483358566405764,11.442849068200657,1175.9245622577248,OVERLOAD
44.26154305092166,3.2340837798535604,1.406204820369494,11.443931152551405,1019.5621405027888,OVERLOAD
56.02997258273408,3.5109629411058045,3.8266696873762567,11.956301868147815,1074.086678334013,OVERLOAD
58.73681598957779,3.572876625704154,3.334411298946738,11.840686044154884,1061.4965190070693,OVERLOAD
45.87742919236163,2.95656411070412,3.1297156043551895,11.183032707171924,1247.846645367626,OVERLOAD
48.70572799815084,3.341001987342752,3.1007540435104235,10.953819009835446,1171.6045886713139,OVERLOAD
40.43872512290112,3.172546381565813,2.5421794728170326,12.096182799769242,1222.9090177739777,OVERLOAD
50.5287689563574,3.705482671061868,2.907578815773985,11.663043813601028,1165.984834697497,OVERLOAD
51.32010040666835,3.7089414000427072,4.012744471945862,11.586617098847507,1017.6090051017363,OVERLOAD
45.199768523602685,3.1509164265617104,3.565360661993656,11.160938882597822,1342.9341340462738,OVERLOAD
57.58197027626787,3.440847328156994,3.5504258028986215,11.436337309029655,1073.8465231982211,OVERLOAD
50.38740259259431,3.3031010160571004,2.630767597162863,11.60025292517347,1137.57927609402,OVERLOAD
35.46096221061305,1.2418844967661493,6.086394466578356,12.177537531468039,1255.6553124533757,MECHANICAL_FAULT
38.32259215450054,1.645810886825291,4.952696011061635,12.016538210777416,1152.887534818212,MECHANICAL_FAULT
44.531819056304144,1.897738994262657,5.2128364314157505,11.520576362977403,1141.6400673653995,MECHANICAL_FAULT
50.191894255096585,1.0441961773569473,3.667844401889431,11.7097682283182,1255.174079991092,MECHANICAL_FAULT
51.00130874869414,1.3610515913743804,6.088573392883998,12.03078014685115,1013.0258300304579,MECHANICAL_FAULT
43.05739612408495,1.5571271669775173,6.9492187212850345,11.698038661361824,1203.4441011705842,MECHANICAL_FAULT
32.55836323293505,1.3025254762998455,6.953508712554467,11.603541193149065,1205.8984221589596,MECHANICAL_FAULT
47.23436250401349,1.3972352397426706,6.670463770996571,11.607453486943077,1179.3388720303954,MECHANICAL_FAULT
48.05108084794611,1.5470918882905302,5.9134687304360645,11.844843280858159,1271.4609790636619,MECHANICAL_FAULT
34.75029360711261,1.8477222194867693,6.163745261318928,11.885097986648047,1319.7246923645228,MECHANICAL_FAULT
38.14163151384767,1.287167699271736,6.211451304124295,11.643249295775115,1373.493657583681,MECHANICAL_FAULT
40.71613953086604,1.3333359661539401,6.704389031602977,11.559570094784783,1160.4319288243737,MECHANICAL_FAULT
46.587266306250875,1.4001418786852466,6.406613141100052,11.694133577510327,1048.5529690819233,MECHANICAL_FAULT
46.60796605669619,2.0264799214941727,6.518401630783438,11.84505282344951,1269.2722755116858,MECHANICAL_FAULT
38.6533475172665,2.0107543974388817,6.702328796422802,12.126371379817822,1126.696700447601,MECHANICAL_FAULT
54.09030961278913,1.7325466482104348,7.053040085852358,11.846804890870631,1175.147138192555,MECHANICAL_FAULT
51.00265829236936,1.5421079609544142,4.5329302964128475,11.576562707658601,1181.4154247807253,MECHANICAL_FAULT
46.549994915827774,1.4830234533300313,7.718970789793663,11.409779627192275,1214.358793650516,MECHANICAL_FAULT
35.91010387306423,1.7279136886452506,6.405541285557997,11.883921994404824,1113.6117039410233,MECHANICAL_FAULT
51.39732465828875,1.8125173992176553,7.083544303011887,11.774096550627313,1257.9857285295132,MECHANICAL_FAULT
41.465537160063256,1.7566666977062135,8.14948089432392,12.014122111995839,1127.039753019259,MECHANICAL_FAULT
46.807086586365514,1.1120575368724057,7.072390311175676,11.890120682572508,1013.0183660467836,MECHANICAL_FAULT
39.191080780438185,1.4150583309768698,6.1991402528591735,11.558104612916239,1238.8978729352184,MECHANICAL_FAULT
46.25736804470256,1.4417192604064442,5.744208499841637,12.009741425283313,1365.5407113088295,MECHANICAL_FAULT
42.58219258076731,1.3163499248535537,6.991207665411996,11.728394124050604,1186.0602799336766,MECHANICAL_FAULT
48.69826575862336,0.9271931737478122,7.818302324852669,11.81453610486587,1158.850685543782,MECHANICAL_FAULT
44.55382922889275,1.4887288065061557,4.768798696555074,12.098987645490649,1204.1325632270618,MECHANICAL_FAULT
47.21501065223688,1.7854649311722128,5.4788375424397,11.894694379807046,1173.2358909101206,MECHANICAL_FAULT
49.23385387608247,0.8618317738945515,6.400905699758731,11.679435868843209,1243.2262950634156,MECHANICAL_FAULT
47.35022093684101,1.2877122315533922,5.787826135823956,11.777866926288535,1110.3357772684792,MECHANICAL_FAULT
49.209918477260636,1.389237839865766,3.5930117806783586,11.72503558867564,1096.1456179156028,MECHANICAL_FAULT
36.84362092269527,1.1287720085332282,6.60940847183297,12.065728165649647,1231.318447386498,MECHANICAL_FAULT
41.9674830589213,1.6367712585512109,6.040909689781008,11.661079926167371,1084.5637331767016,MECHANICAL_FAULT
36.240855966241405,1.3830228880321664,6.658053489920132,11.780675265997022,1158.4033072052641,MECHANICAL_FAULT
40.27126969651609,1.6824738575054905,5.1828680800534155,11.955205582768695,1099.7782981073276,MECHANICAL_FAULT
41.237823813234826,1.0599644428152968,5.998597853114363,11.995062491695597,1251.5628088443957,MECHANICAL_FAULT
49.892110560140175,1.6566427637801808,5.39633017146963,11.73384215513449,1121.9800870882536,MECHANICAL_FAULT
51.6528745201952,1.1409634060721066,7.393697689389111,11.978590774021754,1382.9620201716086,MECHANICAL_FAULT
42.951567036852516,1.7136966478740487,8.781651836538842,11.676471664613262,1046.495975246764,MECHANICAL_FAULT
35.599949830461185,1.7138136086583995,4.616849791941416,11.725536189412416,1243.731318703896,MECHANICAL_FAULT
45.92587768414957,1.6276334592552517,6.722289855800854,12.05577316266268,1104.7683619261204,MECHANICAL_FAULT
41.615024307707344,1.2682021664187528,7.33019181186261,11.980079717679013,1245.1225319318507,MECHANICAL_FAULT
50.91746833444964,1.1465877397870858,8.167224111551137,12.104647724342453,1273.5621997245746,MECHANICAL_FAULT
53.9089945438553,1.003013037696668,5.975551863737348,11.65293930786361,1272.1479323757344,MECHANICAL_FAULT
39.749296301989276,1.7272485448012456,7.870536143996714,11.939040580016801,1228.37510236615,MECHANICAL_FAULT
40.06063329549625,1.2459447101623906,7.749618905296667,11.955869800781068,1196.0980480622457,MECHANICAL_FAULT
42.91045227117055,0.892257638066587,5.429147581315561,12.182283817427946,1071.9544428997533,MECHANICAL_FAULT
45.9473991061054,1.8022331919585595,5.245077331997708,11.836942094956218,1293.7915537510655,MECHANICAL_FAULT
45.062496609536254,2.3605209167000307,4.831400741121804,12.011745705976777,1182.7198262603536,MECHANICAL_FAULT
48.85960077418338,1.6323921455097739,5.766843802890003,11.845799278491869,1014.2098548601713,MECHANICAL_FAULT
48.01623750285697,1.5894475397971577,7.138660168643103,12.011623665017432,1236.761984020971,MECHANICAL_FAULT
45.74044709899138,1.2356794990016122,5.787779236350949,12.037346924035466,1343.633540570598,MECHANICAL_FAULT
43.80944781843973,1.5138008241759822,5.595385625006234,12.03455136905349,1266.5416823691778,MECHANICAL_FAULT
54.70608718231875,1.2365030768460783,6.121992100981783,11.846289184505116,1264.648953772577,MECHANICAL_FAULT
43.92166181226184,1.23811167286389,7.381407528923571,11.944227072509117,1108.3725899436274,MECHANICAL_FAULT
51.777214005527476,1.8510596127589811,6.634296497247793,11.815919572475208,1255.4057771115906,MECHANICAL_FAULT
40.691484648718706,1.5090094437492247,4.34761645539082,11.975291129100588,1043.850677755814,MECHANICAL_FAULT
52.51709914214499,1.4009639718100648,6.2883330180688235,11.6744532187831,1171.1961126077924,MECHANICAL_FAULT
52.092656725740184,0.7536574030394761,7.776965386088188,11.867604696220342,1079.2978352142784,MECHANICAL_FAULT
39.62343803475381,2.002917908162461,5.554493120057269,11.56932989788081,1313.731454236473,MECHANICAL_FAULT
46.69276438142957,1.2186223270390804,6.716624975404619,11.594849463271945,1310.0821398422604,MECHANICAL_FAULT
50.306854824365665,1.659601859646583,6.861661061247016,12.152237624973475,1199.9686327388226,MECHANICAL_FAULT
39.090629372896,1.634842173849692,8.586047049537115,11.59704810136283,1163.8537233306015,MECHANICAL_FAULT
47.08223019050726,1.4838285452982782,5.517696419622686,12.024371571246094,1432.0040722017259,MECHANICAL_FAULT
45.980657295119535,1.2287795130791999,4.9510394749465245,11.851595196244237,1310.3877343316258,MECHANICAL_FAULT
47.37583873247691,1.499278847724344,5.910728348210694,11.581567273456383,1283.475132632488,MECHANICAL_FAULT
49.56885810692793,1.0362810639927802,8.089838978180683,11.914814244178801,1339.9594645145794,MECHANICAL_FAULT
38.28936125757443,1.0902527533753683,6.351030690232703,11.90055688537904,1379.6360822926963,MECHANICAL_FAULT
48.53039456907566,1.42719561695639,5.473630792334108,12.046000114543832,1103.5294574249285,MECHANICAL_FAULT
53.14234277386161,1.4146846051180473,8.09058207261785,11.935786258011856,1186.3004510557541,MECHANICAL_FAULT
42.403018140869364,1.397727636796176,6.928316692375238,11.815431299243544,1140.6188591931295,MECHANICAL_FAULT
44.171842948411836,1.523573108915745,4.371265905585188,11.891633622957741,1102.0278775283193,MECHANICAL_FAULT
39.233337983971275,0.9937966958667869,4.7061075021321095,11.528910499377544,1129.0979042369509,MECHANICAL_FAULT
54.76629568763284,1.3422360972314389,6.677750106268031,11.880096277301266,1213.1065186215849,MECHANICAL_FAULT
44.61278269637003,1.1414118709202266,7.950927548279212,12.161439328727578,1031.7341305877314,MECHANICAL_FAULT
39.8798570455681,1.416056897286898,5.535462205089809,11.901193110691175,1127.1727797593387,MECHANICAL_FAULT
55.825280339033014,1.8571645783030788,6.712574030632215,12.005397252663947,1310.590042435731,MECHANICAL_FAULT
42.18026255970879,1.2551348266374105,6.578143062969647,11.972327224899589,1213.9060398653417,MECHANICAL_FAULT
37.11501758904501,1.2591526668147472,6.426027136405622,11.784866879134835,1397.2542176789807,MECHANICAL_FAULT
38.07006028800501,1.6516767725507624,7.98911310832829,12.25428994908456,1159.5602576816038,MECHANICAL_FAULT
47.457147263601,1.670928107159594,6.695481731553291,11.780230959752139,1243.5975389500045,MECHANICAL_FAULT
32.33876957390157,1.7046208470187894,6.626177903661967,11.755505020644348,1404.6862195719557,MECHANICAL_FAULT
41.62532990604724,1.3790772032804908,8.491553302204734,11.633587739030029,1144.9884717063462,MECHANICAL_FAULT
44.26487288284575,1.752220344638865,6.707802507353313,11.541474930569548,1146.7831436872812,MECHANICAL_FAULT
41.963227833938944,1.4768336864330864,6.925843658629829,11.883641151177596,1022.3988245951598,MECHANICAL_FAULT
50.31970493780428,1.575770653798987,7.884532047593906,11.888839665458136,1310.1322957735763,MECHANICAL_FAULT
47.33272655725064,1.9038677268608244,7.0222506360177785,11.78041695071142,1427.2434720446881,MECHANICAL_FAULT
49.44518561139946,1.672123326301324,5.223695583461664,11.542338476507293,1229.2715482141853,MECHANICAL_FAULT
45.727605988841205,1.315763230497505,6.64098269961206,12.11772538560872,1269.5402474550299,MECHANICAL_FAULT
39.29495745123631,1.4665473518571168,5.695033519147439,11.722460016718289,1158.6384334370357,MECHANICAL_FAULT
42.611772086979975,1.1234593884079815,6.37234531848181,11.687878472630539,907.0551309997732,MECHANICAL_FAULT
55.26486012250832,1.8266308962650015,6.123699275075004,11.803763809948121,1082.8345652682438,MECHANICAL_FAULT
53.47861438905433,2.0691866084319335,6.656693728246525,12.00470612883707,1217.5286778933923,MECHANICAL_FAULT
38.31637280562035,1.3764529893109028,6.631927966771957,11.709090456251312,1178.1346722564963,MECHANICAL_FAULT
44.543002212454425,1.4757364506403616,6.552258490497483,11.58787898672068,1128.2983850872065,MECHANICAL_FAULT
38.57707867150015,1.79334466490586,4.394353058159675,12.030718068663386,1338.6349397262843,MECHANICAL_FAULT
43.489097065086895,0.7190588736518104,6.13868943803271,11.787163167742237,1098.9401780071087,MECHANICAL_FAULT
42.423908030958785,1.9590585596590053,7.1649271623017405,11.61508717712438,1040.2400830404567,MECHANICAL_FAULT
43.36491341195114,1.4359629661948685,6.996199187363317,11.692936657486468,1251.149957536186,MECHANICAL_FAULT
54.675770200301145,1.7446503067332788,6.451911492669227,11.763369905789341,1164.332686582013,MECHANICAL_FAULT
50.903204562260726,1.311805966214609,6.545222708999982,11.810239580376217,1149.8215807188467,MECHANICAL_FAULT
38.13767226057949,1.5968923510853004,6.438996028144617,11.900048093887314,1146.6399693560834,MECHANICAL_FAULT
51.10410649406524,1.2369678656364465,8.212040284017892,11.450472698034348,1243.4770064556892,MECHANICAL_FAULT
47.37715341263312,1.2613328796177354,6.924393937861012,12.055903733952032,978.3181160645936,MECHANICAL_FAULT
47.513724037454075,0.7520187539009767,5.534335196476792,12.12583327298019,1141.8217966607947,MECHANICAL_FAULT
39.13060017795514,1.4406186813045954,8.567906338163553,11.433663550558796,1094.8690088360656,MECHANICAL_FAULT
52.48715841589813,2.0573107030613196,6.396568775709716,11.552189459494672,1409.5843501809159,MECHANICAL_FAULT
52.97221195874599,1.70368409632867,5.68759765106258,11.790194131832394,1183.963991895517,MECHANICAL_FAULT
46.65425652307789,1.935300431439401,7.379417041137403,11.58452478460305,1337.6496450019538,MECHANICAL_FAULT
46.56566070006578,1.7061197387576748,7.966540859278603,11.57768395009729,1196.4174421293537,MECHANICAL_FAULT
42.342727243203925,1.0296421723903633,6.84670997760492,12.302311310316885,1015.9922255494247,MECHANICAL_FAULT
44.838596944752645,1.692162880522432,6.623078201656181,11.777374389496853,1070.0783636554177,MECHANICAL_FAULT
46.16393371470082,1.2729708068952221,4.310078295021446,12.038918444102746,1295.8385819842042,MECHANICAL_FAULT
45.2583048842554,1.5687224064617107,7.574318012715562,11.844867931355617,1290.4017554761315,MECHANICAL_FAULT
43.51258899563075,1.893595121572184,6.820785725932684,11.838810388721175,1072.9938911287968,MECHANICAL_FAULT
46.434779271508546,1.2504135247516648,5.8617172734715055,11.636924874336776,1093.3765068100774,MECHANICAL_FAULT
55.62385701508481,1.8994017185965208,8.420367502144261,11.555420996088888,1207.1253749910893,MECHANICAL_FAULT
38.53246187397952,1.2912915368408808,5.581873016583425,12.047916801288313,1160.377032189824,MECHANICAL_FAULT
50.341896668470085,1.6812362668765555,8.803638752104789,11.504111155372057,1325.92332397868,MECHANICAL_FAULT
50.732204352003635,1.2079863485918896,7.50713333647316,11.867228992605247,1177.2523740046593,MECHANICAL_FAULT
40.880322565140006,1.2842671645652441,8.549812095785926,11.800136563791497,1278.213000153146,MECHANICAL_FAULT
41.04550309166223,1.2660441161335083,7.581984809249942,11.530084757689695,1158.4786232094727,MECHANICAL_FAULT
45.17013705536116,1.5334117805520158,6.320906714983844,11.879163956219186,1269.2855755817811,MECHANICAL_FAULT
48.67318772729665,1.204258857399652,6.215844902071203,12.038952572375388,1289.4647187573873,MECHANICAL_FAULT
38.13570274259468,1.6054439701056604,4.521774750625189,11.809386980412075,1389.7767016745977,MECHANICAL_FAULT
40.26053641365507,1.2497030863525254,7.26402978157286,11.491439696958071,1136.7244970114962,MECHANICAL_FAULT
47.98220568790876,1.3097142456931792,6.2640300127890285,11.948837142063008,1242.1546083536562,MECHANICAL_FAULT
46.33409198147701,1.3982633162189884,6.870061115268955,11.77525346398005,1245.7805609925786,MECHANICAL_FAULT
42.51533987441011,1.4452293076861378,5.510042207447986,11.792998477998754,1118.8999136371156,MECHANICAL_FAULT
39.429767749190034,1.5775983443566164,6.71273977585766,11.956574746989716,1156.88744304249,MECHANICAL_FAULT
47.04026423418378,1.665239271682099,6.944773807831595,11.634869263439573,1214.936348227119,MECHANICAL_FAULT
46.82070148027331,1.5021535400723827,4.413522341628916,11.832097924794697,1421.2531039397243,MECHANICAL_FAULT
43.19980365621509,1.2815768706434036,6.873348559711398,11.862475642093315,1319.2735165416414,MECHANICAL_FAULT
38.71065922045556,1.7194140757724976,7.090422061251464,11.771570692611892,1233.868731792169,MECHANICAL_FAULT
50.14728740799178,1.761694614008535,5.356980687926272,11.964031637351098,1193.5311394967482,MECHANICAL_FAULT
45.364370490077576,1.5219590973005084,6.34975701120174,12.038341499421414,1191.6282040150788,MECHANICAL_FAULT
39.402269358084155,1.3819410432090813,6.678694716810476,12.045842956859412,1260.3094684948833,MECHANICAL_FAULT
40.74732360626478,2.2455569750036677,6.76477531097798,12.055078147599804,1184.8285566422771,MECHANICAL_FAULT
47.66679622352725,1.7518405513555213,7.718194711754256,12.011473661075646,1287.219700007298,MECHANICAL_FAULT
43.42456634402946,1.3284761874131816,6.832607510324197,11.986625614468215,1177.7279299223394,MECHANICAL_FAULT
50.325859828571936,1.9357850236458538,5.58367908092658,11.632615859240744,1185.9624941094664,MECHANICAL_FAULT
46.53806334094598,1.3426298958698848,7.852202678867144,11.884813372303691,1203.944704824074,MECHANICAL_FAULT
37.820452380657365,1.1052552550717478,6.781009250281806,11.373480874769033,1301.2637409644071,MECHANICAL_FAULT
44.2092307781384,2.47292789087842,8.80791625061611,11.763710186150497,1189.3662997468684,MECHANICAL_FAULT
49.977907570010146,2.010951782975411,4.861970942563984,11.442724906929064,1137.796519444562,MECHANICAL_FAULT
47.913687915869325,1.649062077152279,7.56977145498385,11.560060494326938,968.3856137031123,MECHANICAL_FAULT
49.29007097651073,1.2515411181104297,4.4815121356113625,11.829012749191877,1279.3175688218678,MECHANICAL_FAULT
44.38971433939361,1.3626454841452533,6.340637767854093,11.725883447519845,1065.1952888059832,MECHANICAL_FAULT
41.42659661504784,1.6563839715041444,6.8216785413765,11.833611961193364,1100.485151814662,MECHANICAL_FAULT
44.09248418932167,0.8468804860671436,6.67847666388539,12.085771541562714,1052.5867867957895,MECHANICAL_FAULT
42.070361633411224,1.5987320336130388,7.752842634427484,11.71035507673997,1130.7749670734104,MECHANICAL_FAULT
35.15538428791959,1.531031438792432,8.542076040143744,11.855471692392936,1197.7721020816286,MECHANICAL_FAULT
46.61041155383493,1.4966723988154194,5.68698562773987,11.964655983135541,1222.5761523111755,MECHANICAL_FAULT
45.08806625966829,1.207390191816525,7.803507931934759,11.932940549066622,1144.70791626327,MECHANICAL_FAULT
50.009124268409685,1.350728748484438,5.717996507488963,11.648059376503943,1022.8931446911909,MECHANICAL_FAULT
47.357711902091026,0.950656536498495,5.271556168734238,11.384882398184294,1191.3930307209107,MECHANICAL_FAULT
44.24839769864064,1.4019911360440909,5.457422305329423,11.565553249312673,1246.4369863546574,MECHANICAL_FAULT
42.24724034145756,1.5949074964608434,5.614751313875778,11.836212548554217,1330.3278037316063,MECHANICAL_FAULT
47.930829001963914,1.376275854535056,6.757198970355927,11.751866965093958,1200.7880184694727,MECHANICAL_FAULT
43.37194473925748,1.4506994382343827,6.7120933530741755,11.60132826008361,1098.4121173010021,MECHANICAL_FAULT
38.05728723084395,1.019918668648887,5.282717307779521,11.831892501360826,1110.7212484508116,MECHANICAL_FAULT
47.56807232115548,1.5104141246257685,4.531495786561946,11.930995116844338,1281.079864559171,MECHANICAL_FAULT
40.03068662582574,1.6260574628684974,5.643501762590801,11.819534075349667,1073.5501593045035,MECHANICAL_FAULT
36.03446773732712,1.3851548431161094,6.376271053725164,11.72046406127708,1081.596944177744,MECHANICAL_FAULT
43.00050468934432,1.5807884257742202,6.455106969877463,11.836500206119844,1132.9884799545766,MECHANICAL_FAULT
50.8585895735808,1.1471479990335658,6.987560297086719,12.036378218591993,1248.0908092748896,MECHANICAL_FAULT
43.98737886467585,1.3415108860011062,7.536087651046256,11.515405014947666,1102.9875739620356,MECHANICAL_FAULT
43.01221117254139,1.8712961272535995,6.879767636040896,11.606390848297952,1168.9692294615097,MECHANICAL_FAULT
41.928384279518525,1.2870633023299396,7.478889558556779,11.5256513741473,1360.8780855734374,MECHANICAL_FAULT
49.14114845092311,1.8272585011811093,6.037060487974742,11.770011856184178,1056.6848185475287,MECHANICAL_FAULT
42.37668796466598,1.6480964542929453,7.796063061781396,11.57856863663951,1163.4494063014733,MECHANICAL_FAULT
44.24350389883739,1.0812632393422545,7.0913492417584,11.65520193365148,1180.4609648822975,MECHANICAL_FAULT
42.740253140440615,1.2631984482840977,6.4929550145194455,11.756878084286397,1162.8142117721334,MECHANICAL_FAULT
41.357691891598286,1.5958574012348867,8.153617268492285,11.827977446567827,1299.611821491113,MECHANICAL_FAULT
38.048890374232684,1.5473284317881308,5.402631681028933,11.50461501449362,1126.0628592540963,MECHANICAL_FAULT
50.959496672067864,1.7850047486008938,6.743004722054399,11.493459888022015,1180.3719348612062,MECHANICAL_FAULT
46.50850004450868,1.5526608688735795,4.656206416519254,11.621936430396026,1193.5922235851283,MECHANICAL_FAULT
47.68145454758595,0.841161653670016,6.337876024520142,11.82860975397579,1284.9611988516212,MECHANICAL_FAULT
48.464287921187186,1.6747713956426415,5.700059493298066,11.418399572575339,1160.69472429386,MECHANICAL_FAULT
50.0081591260428,1.9180363582573294,7.210549102297786,11.885868164560348,1237.9639648385964,MECHANICAL_FAULT
42.219406266196096,1.460981911933914,8.16906952582633,11.611488398841626,1361.4778790709852,MECHANICAL_FAULT
43.38985922753971,1.8976296327285236,5.093184990502461,11.91718084023293,1126.3229864052378,MECHANICAL_FAULT
37.923664040379066,1.5655602127232837,7.5094717885959685,11.631011712281301,1050.09840395416,MECHANICAL_FAULT
44.540776178325224,1.4737694013668456,7.048319627554498,11.989918914272899,1194.0584818727507,MECHANICAL_FAULT
54.27751657397131,1.5672704233605876,6.1535734939931,11.477686528179435,1173.7340479683833,MECHANICAL_FAULT
43.31806527294432,1.788091438884441,6.962483624066854,11.564126175673477,1217.2254386411037,MECHANICAL_FAULT
48.357655858645266,1.9584094078163499,7.38750396741406,11.952169330862297,1206.0085994615163,MECHANICAL_FAULT
46.94156002711725,1.8748514702118477,5.167222602520351,11.73011213455661,1122.7431251243759,MECHANICAL_FAULT
46.89576559363062,1.8690666526952362,5.903025713278926,11.321939126506113,1158.777925497553,MECHANICAL_FAULT
49.567368660087034,1.6612889708849639,6.928186247810576,11.744001339625104,1072.0969263780214,MECHANICAL_FAULT
47.57647160812234,1.2497154569896125,8.684096733380457,11.914101441670905,1141.935169744605,MECHANICAL_FAULT
41.94307376305686,1.4721167380159235,6.260498077978251,12.023366755105991,1218.6416169744045,MECHANICAL_FAULT
41.34184130545736,2.0671322055467347,6.549308331520223,11.95376793519378,1139.1773492555242,MECHANICAL_FAULT
46.815578138722614,1.5933329973429586,4.610350707903847,12.203055022092128,1329.0644460922547,MECHANICAL_FAULT
43.01402341927006,1.1693190778632434,6.847561613803552,11.81733953988288,1235.566894856323,MECHANICAL_FAULT
45.95788698097045,1.6518722967917778,7.947305699391807,11.91362064102573,1095.0344501090058,MECHANICAL_FAULT
51.81281426356226,1.9921843690464862,9.652056734512085,11.57530119335208,1224.2882013150274,MECHANICAL_FAULT
34.589506484055065,1.6659447469137627,5.951799701833227,12.184689158964991,1122.538502998142,MECHANICAL_FAULT
36.554084810163694,1.3586208777892441,4.5245122287828625,11.950219890901463,993.491695374368,MECHANICAL_FAULT
45.14228790591579,0.876656454043141,6.179702195463358,12.128675631160908,1236.0647891435794,MECHANICAL_FAULT
77.68253197517532,4.184398255530458,8.018016872044447,11.189052138337363,763.3141636719174,CRITICAL
84.96283636923665,2.847804184198613,7.37011544763619,10.804690463019382,963.3326826071238,CRITICAL
82.11315426338435,3.497218473071857,7.015006874182985,11.079472003818962,892.0932658135443,CRITICAL
79.10437945182127,3.9595831052440107,8.69616799715929,10.792922970852315,891.1908755970927,CRITICAL
92.84968294040272,3.4881586815580388,6.148157268425342,11.313435865919443,832.1356938705896,CRITICAL
80.4088123612869,3.809421810934443,7.740199859232487,11.639415244838537,980.212845861812,CRITICAL
86.31111755943489,3.4918864721036775,6.848846263447131,9.864368536205829,819.0619178917246,CRITICAL
86.78351593192829,4.458473257874186,7.778486737047876,10.991079886512779,831.1114457424594,CRITICAL
83.02379441200893,4.582939139740308,6.3841132125895275,11.11985907513494,993.2434870954667,CRITICAL
79.92449855518315,4.550350306060292,10.814654444472552,10.958262882805244,939.3307050005324,CRITICAL
78.30971458169304,4.2906255813010254,8.460271624982305,11.077936936108054,798.0304680291143,CRITICAL
83.03180885662725,4.931097969358818,8.448635764514528,11.384794875628737,876.2988029987372,CRITICAL
85.74950119711855,4.339633919108263,7.049089270312768,11.12740840191955,800.830333655969,CRITICAL
78.83559862557604,4.294664153646187,8.297244273380125,10.524307013969148,1005.3985771182877,CRITICAL
84.86003139150236,3.8476357821945584,6.462415203550824,10.942038168367427,855.405628613884,CRITICAL
82.56570228526512,4.0184416694222165,5.99254313925499,10.844661224679538,869.4380888931687,CRITICAL
85.1683051238703,3.8509001626944754,9.678674673372566,10.235343779739297,1031.1167497802624,CRITICAL
80.87840514560948,4.629792436171778,8.079801484058732,11.455822214410187,861.2638035447188,CRITICAL
76.50689787411093,4.910252143635532,7.886519354117858,11.088623389449685,1023.4751914044796,CRITICAL
76.84022378952783,4.497745448819629,7.410105243537109,10.94713225774225,907.2278965384289,CRITICAL
74.49889069276531,3.810581478589783,9.35107289241314,11.354476475433918,893.7360422672765,CRITICAL
83.21561729256446,4.052878747181771,9.356583385827982,10.919858968882334,923.1842092134848,CRITICAL
87.73015072071033,3.811314257577047,9.558789184496893,10.387815436102649,1062.9642131112798,CRITICAL
80.13662208024013,4.078650626087359,6.109989828817057,10.818082113048924,796.0193468973116,CRITICAL
78.96176827313263,4.1313445171055605,8.957791614472905,11.08304134056025,930.7676653401114,CRITICAL
76.52240305577219,3.759622955198635,9.798725018351313,10.705919586094701,1065.6208252057295,CRITICAL
80.78469400559567,4.201143968071753,9.07036516022993,11.508756968775463,888.9187439720913,CRITICAL
80.05878473239231,4.172039775738893,8.337957528232119,11.356521474747902,900.4229858994152,CRITICAL
85.09443149011577,5.01917986613547,8.381309612264785,11.124661142401912,748.1089174909932,CRITICAL
68.84634931585468,4.394187864615084,7.905175768719128,10.794086930034103,924.3530204186345,CRITICAL
81.69798135401545,4.76389012531695,8.086110868258977,10.701230685971932,999.0166238959289,CRITICAL
80.91434462526898,4.463268341836153,7.5225892938072,10.740069245801026,908.4168230185696,CRITICAL
82.06414321771842,4.439913517683417,7.731354246690257,10.265456086491842,856.7226116411612,CRITICAL
85.96909233571908,4.051311960378447,7.753616597485452,11.394550602362376,828.8026772741077,CRITICAL
74.2859839087855,4.119684440237253,7.515826048751263,10.613501472098699,882.4621544101309,CRITICAL
84.45752823623391,4.195355719216092,8.306981072686238,11.725363079406169,865.7121138442436,CRITICAL
83.39174317322335,3.945393318700433,7.153640280113027,10.766036938632892,852.1241428478312,CRITICAL
83.79737898773563,5.374537893350379,7.28395656372416,10.833349877753815,893.6876986888752,CRITICAL
83.97899424354874,4.3317754059773925,9.284095793948117,10.029443171785918,661.3070129804328,CRITICAL
79.52060913994926,4.748650093771855,6.434351968394404,9.796947064122497,957.1179406219209,CRITICAL
83.21828611851357,3.654895796600285,7.01446039927907,10.61210251214613,911.053531747394,CRITICAL
78.86842361908496,4.44703195948776,5.145373337095609,10.65725925394888,787.394603908895,CRITICAL
80.71829660813754,3.9309761207549307,8.797843779895766,10.256265291335977,904.5491476330752,CRITICAL
84.79168211605852,5.128323718280978,7.518234028906525,11.129783441741006,719.6137207437635,CRITICAL
70.04021897843488,4.62238718789085,7.99443970635193,11.47140507591937,762.6597111030251,CRITICAL
84.59951069764377,5.134408920271927,8.419705608357265,11.11063260223642,900.855608082435,CRITICAL
74.14559271437044,4.877786467855175,7.389142360194934,11.201793302553206,743.6965693428747,CRITICAL
76.1027016774611,4.917543699611118,7.6526977110421575,11.581310190417017,892.1769340941482,CRITICAL
72.7905111352107,4.646033799865861,7.4101076822443925,11.279475525406818,902.5210867540083,CRITICAL
74.28440886028565,4.2821473826852845,10.1962231421528,11.197194583405784,894.2482246994537,CRITICAL
87.37671700978449,4.305334232601556,8.209534230262795,10.56334993113636,923.3848025789598,CRITICAL
87.17721708208472,3.7819689239499876,9.424495821246948,10.96331759034195,811.223048846146,CRITICAL
86.98816038460123,4.056602882130866,8.759514887486107,10.883296547096585,894.0173856470096,CRITICAL
84.46780102167146,4.3454485287950035,6.0044682195482615,10.551502503962244,992.9409984790816,CRITICAL
81.33931705549226,3.9381343486142892,6.641425984742526,10.56810547148966,697.8201360038053,CRITICAL
81.49359640649233,3.9007812097094767,7.033412109014685,10.972750629932818,936.3970630852738,CRITICAL
92.46598966104972,3.4440582902183934,9.159381043300522,11.389240624406028,822.09072606233,CRITICAL
83.01617977293016,3.9711833753311927,8.18568858041874,11.60365240536182,960.5606232631313,CRITICAL
84.54304186616721,3.984845340022679,6.515943335075665,10.916612715783836,1020.6608154863915,CRITICAL
74.36416071705176,3.6724553159116526,8.126267736234068,10.606138086061096,820.7476552884788,CRITICAL
79.88200709135911,3.5171912979049256,7.025878153783632,11.281371166714923,769.2630217769035,CRITICAL
74.01063932752581,3.884987510233053,8.731955502509846,10.921231276801244,853.5418921884382,CRITICAL
82.22179398757804,3.3271462835701744,8.494705653775032,11.153374012561457,859.0691525904278,CRITICAL
87.02962255898208,3.636251950523481,9.12790899325357,11.061797466238101,866.3447410121827,CRITICAL
81.90063182315845,4.146367617094529,9.220282896417718,10.569328349011595,823.7480760853401,CRITICAL
87.1815144603624,3.9022325324080707,8.900533077331591,11.679774393203484,859.8204973058366,CRITICAL
85.40681163287653,3.623153859330071,8.754733298067809,11.079769594394707,947.3038282160215,CRITICAL
78.77213963982302,3.369458292216414,8.503252064749505,10.174638739008218,868.2649507757466,CRITICAL
86.70590933209985,4.295948867936518,9.948342644789813,11.41004366103271,834.6101611674424,CRITICAL
82.13656689925719,4.176314648727782,6.417823236653873,10.623840433406258,843.923909302014,CRITICAL
71.81889748572031,4.223746734125822,7.750928155346959,10.33084243947537,940.4212865277332,CRITICAL
85.5793637234548,4.313517239432445,7.6759318247910295,11.236576860700742,968.0220360476691,CRITICAL
83.53701784859844,3.7876938747826197,8.27660076551118,11.478192260330191,840.337094138827,CRITICAL
92.48969669566216,3.937184533007308,8.032407013340137,10.731005761597466,922.327083592026,CRITICAL
73.28889153682363,3.9269791005916397,6.907878799651433,11.054135339156916,999.4447375508907,CRITICAL
85.23003093557276,3.014170319570554,10.04206965292788,11.118111976248347,822.3500859507,CRITICAL
82.7856395949547,4.2880949112513465,7.333151283048436,11.07916666693683,839.2527712379692,CRITICAL
79.97819003654989,3.856860432122458,6.567328710260347,11.058334588086154,958.5299436516339,CRITICAL
84.57441798038187,4.609962626317618,8.324340210014869,10.78690980071324,983.9663864431188,CRITICAL
75.21241230079032,3.74966430874376,7.035799928576755,11.432022423655724,994.2788514140076,CRITICAL
84.43652618522498,4.735964932605899,7.120717217588012,11.139438047944392,887.4825571616835,CRITICAL
86.23441051942457,4.142387883723901,7.615057111589919,11.216363407424396,987.6169167191233,CRITICAL
78.65827402576599,4.169462164323813,6.941559366358347,10.000775593002825,920.0459631413729,CRITICAL
85.04452678127316,4.331033404543363,6.050438282245633,10.85966022796941,678.1652239948919,CRITICAL
88.84850553827093,3.656972708940957,9.255403609459897,11.378347857473658,809.9409647463938,CRITICAL
76.33607524366127,4.375185108193169,7.155675962816929,11.040993856863283,851.7172409193082,CRITICAL
73.09420792767183,3.084765990437771,8.226684248494598,10.77537690146775,844.6910183085868,CRITICAL
85.47931919546893,4.7867211383162225,7.727455278638191,10.863760517236056,950.0143033113884,CRITICAL
75.21532215150212,4.311576527373849,8.551885971822154,11.27209208336705,706.3247297497535,CRITICAL
78.1932236509553,3.760868373588267,8.099886954409213,11.192297831907194,1049.671040744598,CRITICAL
79.52517259815963,3.951213750845393,9.149672018878746,11.118630775412122,1026.7651511187973,CRITICAL
83.44364001504918,3.6214416906433646,6.666871645222193,10.379395100376428,966.2051834758473,CRITICAL
87.94298411543504,5.124681070693191,8.84310533232324,11.465135431013994,841.9983667346315,CRITICAL
76.21792091628072,4.625039666208777,8.4176807522394,11.042977749736357,938.737148063299,CRITICAL
83.61592741229103,4.8419084299267805,9.294985584816956,11.217688140936138,984.5802872562929,CRITICAL
84.57031276212388,3.969415133982691,8.75656467491314,10.442201972456296,1005.3891552295884,CRITICAL
76.02738530116983,4.342901643397367,7.154846041573841,11.22135559322977,896.6074774072091,CRITICAL
74.02622020918334,4.41034981550924,7.422079223167289,11.352458688325347,900.1325688734407,CRITICAL
83.97710492694019,3.721215522492394,7.4106677685726385,10.816544545559566,985.6702480242556,CRITICAL
90.38688543902745,3.797414124128562,9.07684814465768,10.132129032909718,780.581059890771,CRITICAL
77.20610771906613,3.523745655279639,6.41641161021242,11.165199564855119,878.5932302272139,CRITICAL
83.89702698802554,4.545236343060757,8.265616993172534,11.26310527046015,893.046771375773,CRITICAL
76.06503305847127,4.728907090410399,7.410887867218873,10.62576148049503,882.2082124195601,CRITICAL
77.43594540351744,3.991284809005284,8.344053921563466,11.13933669569845,810.2169933574371,CRITICAL
79.56147313525628,4.737166502385122,8.496400117733941,11.830026015739417,1018.0128173741527,CRITICAL
87.72146534279969,3.506065724772099,8.763860351633422,10.978757279321236,844.901819646175,CRITICAL
82.84007670266264,4.6726057673057415,8.50083159100421,10.648610479463176,974.245891359262,CRITICAL
78.81206228962019,4.308341559482144,7.696649932522866,10.91245349930575,976.6242975040509,CRITICAL
76.79903140092051,5.172597537138467,6.178913930705503,10.760932926698057,937.021188994174,CRITICAL
84.92157083217656,4.149762139714148,7.942609296998458,11.164220034131047,876.893052254232,CRITICAL
88.96590628967454,4.619674557115801,8.872824351005635,10.613537310651832,892.0611575594297,CRITICAL
80.49767025639647,3.6971993121552673,8.360164183945766,10.784941696888074,965.5403829850237,CRITICAL
76.64904218552834,5.059520306420911,7.103667341407938,11.087720934880174,979.1859310388068,CRITICAL
79.14679784899944,4.626234321716476,6.770816402199584,11.580847079673024,901.4149264965758,CRITICAL
79.01794296015561,4.050409113786283,8.80891926939272,10.766217883259825,825.0642310577223,CRITICAL
80.8923170120813,3.611518943615016,9.820543907941815,10.77344216351411,983.1616786180404,CRITICAL
83.04735041823886,3.707732974759016,7.9940452907872706,11.3136011117243,881.1738664913694,CRITICAL
87.96556472925514,4.710757696390932,8.918914854658329,10.8161372910908,792.0157552218514,CRITICAL
78.93206197318602,4.298120470333361,8.545786713532355,10.13137143809582,899.188679838825,CRITICAL
82.79044612661592,4.061227871842225,9.29127383901588,11.168712029700348,1031.0191908080897,CRITICAL
80.92019739824885,4.668738746253463,9.63506639452752,11.524677379709065,790.7858406571268,CRITICAL
80.7316196122881,4.027417647275102,8.489254535076327,11.274541422005813,816.1107325974264,CRITICAL
82.33919256958468,3.190036333921932,9.44194500580189,10.795050303729322,905.5863939844497,CRITICAL
80.45175143005969,4.773013787506708,5.1624935586026215,10.993355863069636,889.4181242502302,CRITICAL
79.73181806204158,5.063113272817817,7.112670541144229,11.308718470894265,935.6252788706083,CRITICAL
88.30759626267758,3.8664054576112474,7.267031100876241,11.438427962990959,942.532130833011,CRITICAL
74.27531326661621,3.930347492768365,8.386382653848061,11.335105688618636,832.0769346807045,CRITICAL
67.4287200509153,4.4616115928685165,6.779679310056024,10.193064480751035,616.7674075015859,CRITICAL
86.06990430098871,4.264308725202484,7.774343619287748,11.555609745185105,963.7324683023072,CRITICAL
90.08150021360959,3.503632263916502,7.9654493760460365,10.353314650020794,877.0617668144532,CRITICAL
80.75692073116662,4.513306818631536,8.045563881141899,11.249362855311967,970.3440133138894,CRITICAL
92.77464338691571,4.042351672356938,7.058977299333621,11.098433446126563,819.7719972860457,CRITICAL
89.40980384218268,4.058390980527384,7.43442363212601,10.811473711539552,971.8417423471641,CRITICAL
81.21126508384258,3.879166589934809,9.66535191762353,10.6575320637353,903.5566074032994,CRITICAL
85.26153075805115,3.384332444791464,8.480260501405924,10.57795692980782,982.2782780834002,CRITICAL
77.18674494040512,4.54638451592443,9.105833066294712,11.344574610253122,925.1316648238103,CRITICAL
80.84349528535151,3.911790211832578,9.471034690817104,10.720201911932943,796.2933926430004,CRITICAL
85.32684467516415,3.8019315984067523,7.049936502533873,10.422558295132093,851.7090160539483,CRITICAL
81.58642488051754,4.32154586383035,8.951306244299483,11.210759169466318,880.912778044682,CRITICAL
81.0090216181014,4.455078734457592,9.27257016292857,11.05052567979328,853.0869145789591,CRITICAL
77.03566999457227,3.4773973677938876,8.666269672043523,11.231191409455823,957.7363525106662,CRITICAL
81.35670276823971,4.903467372945876,7.515881505415182,11.382107694882881,896.1257105010457,CRITICAL
78.95824617660331,4.4962651536588805,8.409636118683993,11.14278910370677,908.1278422056199,CRITICAL
81.81053459141584,5.394185996435219,9.184256645196173,11.289130757994204,911.1799158203388,CRITICAL
87.03578600298334,4.458997388195726,8.026204752774035,10.878574269893633,891.9082662337312,CRITICAL
66.14787132060972,4.305300419648821,7.51152391988964,11.637067999313153,901.9344070811754,CRITICAL
76.05518290232519,4.175059922935941,6.953878914937496,11.189362966284987,929.0947364339486,CRITICAL
86.78919815554134,3.8045591041527174,8.034008096228147,10.453991281829346,970.1494781924714,CRITICAL
84.5943559022006,4.447902510513786,8.001619031356942,11.165909156315516,1060.4339108308595,CRITICAL
80.57452871478993,4.269322591855042,6.91387370081859,10.652695615360667,909.7813293093308,CRITICAL
87.51966773350954,4.071859587874214,7.764083470687876,10.83724590219825,846.5243329155677,CRITICAL
83.4748572785441,3.451371177410678,9.280939576666727,10.733831080748216,972.1903485438141,CRITICAL
75.65000701303062,4.5344200652731095,8.671944607814497,11.153680828802358,800.5571478200208,CRITICAL
83.24774094799038,3.6084719076328056,7.747236744903814,11.411765240382131,979.6701927070742,CRITICAL
82.07591471270217,3.712596712038579,8.645587712174194,11.00775249507921,667.9684401769576,CRITICAL
85.91314913158259,4.187883583065154,9.202451247983072,10.561891792462879,582.3296186804,CRITICAL
83.39541929172593,4.3457818383409865,6.309328372393548,10.608600181653358,1175.5217743719902,CRITICAL
80.47194692923098,4.5654794881881084,7.349340172631616,10.163878840458738,882.9741753204095,CRITICAL
80.67197719856948,4.0000608806658144,7.885359164493607,11.105707308658255,884.9883048746193,CRITICAL
75.67996916026318,4.44309239578097,6.0506282446775765,10.17985701708632,973.9180494701568,CRITICAL
84.53510136067679,4.171302317462982,6.6045514952449285,10.71683562373037,873.7253252313496,CRITICAL
74.02053015712943,3.830485670988384,8.65233033817668,11.570922145715686,858.0565247341449,CRITICAL
85.7824417715805,3.2429699647062664,8.659451241113612,10.678420634109008,930.734561670797,CRITICAL
80.76123790880145,4.860207004891917,7.125564351660082,11.251042519024733,872.0492536703466,CRITICAL
81.20847260995168,4.108073053420395,7.154326895505887,10.994360413637331,893.7351777878179,CRITICAL
83.20620124203364,4.242252572846431,8.797994549612236,11.369403446418948,794.9376678172199,CRITICAL
86.34386250295385,3.606831786445073,8.587855888137735,11.247895513881147,708.8683108337495,CRITICAL
82.46489623264705,3.9657519433198423,7.241234742064625,11.540340932279602,834.6320859362581,CRITICAL
77.96811535440975,4.237847470002547,8.685589746298417,10.94334056559595,1016.6370545669253,CRITICAL
84.65487830982045,3.1108943401342852,7.470533036492991,10.775263160259321,947.9360953429423,CRITICAL
68.87591471812944,5.4745048543588615,8.53102609489421,11.059550721567076,1018.1567716419146,CRITICAL
93.71827026406312,4.6353733222942015,8.94881309647162,11.052276009785754,885.8474246633052,CRITICAL
79.62102277997549,3.786944004142729,7.312985900300503,10.459777614262807,892.4128549314977,CRITICAL
73.57666211386807,4.295458262071856,7.963669391957659,11.058774119354675,847.7868429980008,CRITICAL
97.38430185090252,4.880057950090157,6.755457499915277,11.09314723497076,839.1993857062677,CRITICAL
76.92760136646294,3.529963964438033,8.432216690759255,10.72744790597217,996.7826024025204,CRITICAL
86.96891107265219,4.886957192605725,7.147613233925896,11.190146244276804,963.2454216642301,CRITICAL
79.62910912448018,3.8141140213035625,9.609520665775973,11.090998350292821,963.5967750711739,CRITICAL
77.88961994086036,3.5903577667389035,7.43055022550789,10.950391445044001,793.5779993182651,CRITICAL
81.95077595674809,3.35574740596575,6.879952577530128,11.26836449931075,960.3790520277894,CRITICAL
80.04061617306567,3.6911178454615237,6.972596448473989,10.850692701623474,964.4518491645291,CRITICAL
86.64122845672162,3.951734132259016,6.846507574015217,11.107137455146534,817.6465029374151,CRITICAL
79.40873680569399,4.862638045218519,8.827115428565769,11.06318972490058,772.8080998887277,CRITICAL
83.05698283735329,4.731328645393764,7.624366334234464,11.540445635994686,1029.2745289518207,CRITICAL
90.31866416071736,4.352621563265677,8.587391699806012,11.565674915332435,944.7393937068975,CRITICAL
79.49382946104893,3.9757285817360697,8.23855495377374,10.483775431221513,885.6741084635808,CRITICAL
87.48273559115127,3.1043730744173597,9.534482101794515,11.448949687481264,854.0235384169524,CRITICAL
84.71695413935905,4.201573863453164,9.229990368438683,11.393073257107977,759.992927681699,CRITICAL
84.93631206732088,4.097186073178376,8.0828325705181,10.708731239612074,1074.8137069120835,CRITICAL
87.20030909951288,3.8301144180135167,6.665389393089767,10.84573094760886,943.4502646091306,CRITICAL
83.20102921973111,4.826566412384122,8.789919722180851,11.387827610301162,932.6855400610438,CRITICAL
75.05350634894505,4.10215073442655,9.060089739908666,10.979390828590141,950.3090368623747,CRITICAL
80.40625842376933,3.6850940757290775,7.87665593595389,11.123618977213061,834.4312280538556,CRITICAL
80.82144377571666,3.730268379007009,9.119244917564096,10.882217696964787,1045.2755545126183,CRITICAL
89.64373925270453,4.159477017639128,6.9915512674526505,10.165640848906666,752.7962926973208,CRITICAL
75.1308258755067,4.889234813730752,8.115824587226946,11.155841809636796,677.9578991064874,CRITICAL
76.01016785391369,4.643539888223144,8.286774112382586,10.941117888525762,956.4842358600123,CRITICAL
90.17898903067908,4.089478768231475,8.06936980265807,11.077038767492523,1139.2109635273991,CRITICAL
71.50321867790487,4.541611507394404,7.885197751240936,11.226708690473671,834.2627446005275,CRITICAL
81.75517484570774,4.555705289732748,11.11291020104384,11.323214475760828,815.1934401969492,CRITICAL
